1,count
GONZALEZ,28616
MUÑOZ,24915
DIAZ,18342
ROJAS,18213
LOPEZ,14204
MORALES,13780
MARTINEZ,13227
HERNANDEZ,13223
SILVA,13167
FLORES,13116
SOTO,12824
FUENTES,12643
PEREZ,12522
REYES,11716
SEPULVEDA,11531
RODRIGUEZ,11381
ESPINOZA,11301
CASTRO,10933
ALVAREZ,10883
SANCHEZ,10727
VALENZUELA,10462
RAMIREZ,10361
TORRES,10065
CASTILLO,9777
CONTRERAS,9620
GUTIERREZ,9535
VASQUEZ,8469
CARRASCO,8413
VARGAS,8391
GOMEZ,8138
BRAVO,7965
FERNANDEZ,7815
NUÑEZ,7799
CAMPOS,7411
ZUÑIGA,7401
VALDES,7361
HERRERA,6940
JARA,6895
ROMERO,6853
MIRANDA,6816
ARAYA,6810
JIMENEZ,6520
FIGUEROA,6515
SALINAS,6398
PALMA,6172
ORELLANA,6036
GARCIA,5985
MOLINA,5925
ORTIZ,5568
VERGARA,5502
SALAZAR,5481
LAGOS,5418
ESCOBAR,5414
MORENO,5409
NAVARRO,5387
AGUILERA,5381
LEIVA,5298
MEDINA,5220
YAÑEZ,5181
ORTEGA,5107
TAPIA,5093
SANDOVAL,4989
RIQUELME,4906
MORA,4887
PEÑA,4688
SAAVEDRA,4574
GALLARDO,4558
CORNEJO,4533
RIVERA,4510
VERA,4492
GODOY,4475
BUSTOS,4449
VIDAL,4370
VENEGAS,4364
CERDA,4348
ARAVENA,4343
ALARCON,4161
PARRA,4053
OLIVARES,3945
TRONCOSO,3916
GUZMAN,3891
ACEVEDO,3846
FARIAS,3841
LEON,3819
PIZARRO,3805
QUEZADA,3794
GUERRERO,3739
RIVAS,3706
NAVARRETE,3669
OSORIO,3625
PINO,3599
MARIN,3595
GUERRA,3567
TORO,3566
VEGA,3524
DONOSO,3458
AHUMADA,3457
POBLETE,3442
MENDEZ,3412
CARDENAS,3362
AYALA,3348
RUIZ,3346
GARRIDO,3342
RAMOS,3300
ROBLES,3291
ARIAS,3237
CORTES,3232
PONCE,3216
CACERES,3215
SALAS,3211
RIVEROS,3170
BUSTAMANTE,3168
ALFARO,3145
ARENAS,3124
BARRERA,3119
BECERRA,3080
ALVARADO,3074
DURAN,2970
CANALES,2961
ARANCIBIA,2954
CIFUENTES,2901
PINTO,2889
IBARRA,2839
PAREDES,2826
SAEZ,2808
CALDERON,2776
AGUILAR,2773
CATALAN,2702
CHAVEZ,2691
MEZA,2691
CANCINO,2679
SAN,2629
PAVEZ,2615
MOYA,2610
HENRIQUEZ,2597
ABARCA,2530
ASTUDILLO,2524
SOLIS,2488
LARA,2445
ULLOA,2419
GUAJARDO,2399
DELGADO,2388
ACUÑA,2371
BRIONES,2341
PACHECO,2314
PALACIOS,2310
CARREÑO,2253
CABRERA,2246
MORAGA,2238
GAJARDO,2237
MATAMALA,2230
SUAREZ,2217
URIBE,2211
VELASQUEZ,2208
MELLA,2178
HERMOSILLA,2143
MALDONADO,2143
CARVAJAL,2140
QUIROZ,2134
DOMINGUEZ,2126
BAEZA,2079
ZAPATA,2075
MENDOZA,2067
JORQUERA,2063
FERREIRA,2051
CARO,2049
GATICA,2042
VALENCIA,2037
CABELLO,2024
ARCE,2008
RUZ,1997
BARRAZA,1973
GALVEZ,1954
RETAMAL,1954
CANTILLANA,1953
VILCHES,1935
PARADA,1920
ROA,1914
RUBIO,1911
CABEZAS,1877
GARCES,1876
SANTIBAÑEZ,1865
VILLALOBOS,1863
TOLEDO,1860
GONZALES,1858
INOSTROZA,1828
JEREZ,1811
RIOS,1795
SALGADO,1788
ARANEDA,1787
OSSES,1785
MARDONES,1770
MEJIAS,1761
MENESES,1757
AREVALO,1753
CUEVAS,1751
VALDEBENITO,1737
HIDALGO,1735
HUERTA,1722
SERRANO,1714
CONCHA,1705
NEIRA,1704
SANHUEZA,1701
URRA,1672
OLGUIN,1661
BARAHONA,1638
PERALTA,1637
LOBOS,1628
DEL,1617
ARRIAGADA,1607
MANCILLA,1598
ARANDA,1594
BAHAMONDES,1556
TOBAR,1550
HORMAZABAL,1547
MARAMBIO,1544
GAETE,1529
POZO,1515
URBINA,1509
BURGOS,1495
IBAÑEZ,1483
GALAZ,1479
SANTANDER,1478
ESPINA,1475
BASTIAS,1466
CORREA,1450
MONCADA,1436
CORDOVA,1431
ASTORGA,1421
VILLEGAS,1420
LOYOLA,1417
VILLANUEVA,1416
MARQUEZ,1409
ZAMORA,1408
URZUA,1404
CISTERNA,1400
MENA,1397
COFRE,1394
QUINTALLA,1374
QUIROGA,1365
CHACON,1365
MONTECINOS,1352
BENAVIDES,1352
JERIA,1349
DUARTE,1348
AGUIRRE,1338
AVENDAÑO,1334
POVEA,1331
ESCARATE,1328
ZAMBRANO,1323
LASTRA,1322
QUINTEROS,1322
ALIAGA,1314
CRUZ,1304
GAMBOA,1292
CARRILLO,1290
BARRA,1280
REBOLLEDO,1273
GALLEGOS,1272
MERINO,1270
LIZAMA,1267
ARANGUIZ,1249
FUENTEALBA,1243
VELIZ,1240
MELLADO,1239
BERRIOS,1239
CID,1225
VALDIVIA,1224
VALLEJOS,1210
CISTERNAS,1196
PARDO,1194
VIDELA,1193
PLAZA,1188
CARCAMO,1182
BELTRAN,1172
PAILLAN,1171
LEAL,1165
CANDIA,1162
FERRADA,1153
SUAZO,1151
ALEGRIA,1151
MARCHANT,1147
URRUTIA,1143
BRITO,1141
SEGOVIA,1140
AVILA,1137
SALDIAS,1132
ROCHA,1128
JOSE,1117
QUINTANA,1110
FUENZALIDA,1099
BORQUEZ,1096
MATUS,1080
COSSIO,1078
ANDRADE,1071
CABALLERO,1067
NOVOA,1064
CORTEZ,1063
RABI,1053
ZAMORANO,1052
AGUAYO,1047
MENDIZABAL,1040
ESPINOSA,1040
ECHEVERRIA,1036
BARRIA,1031
ALBORNOZ,1030
RUBILAR,1027
VALLADARES,1017
RETAMALES,1013
PAINEQUEO,1013
MATURANA,1011
MONDACA,1006
MANRIQUEZ,1001
BAEZ,1000
CHANDIA,991
LEPE,988
ROMAN,984
TORREALBA,982
LLANCANAO,979
OLAVE,964
BASCUÑAN,964
ROCO,963
CAVIERES,954
PIÑA,953
CEPEDA,946
CARTER,944
COLLAO,944
CORDERO,942
FAUNDEZ,937
VERDUGO,937
PAZ,934
BOBADILLA,927
AVILES,925
BARRIENTOS,924
VERDEJO,924
ARMIJO,919
ORMEÑO,919
MONTENEGRO,915
PINCHEIRA,915
POLANCO,913
JEAN,913
LLANOS,909
LAZO,908
AZOCAR,906
LIRA,905
CARMONA,904
VIVEROS,898
OYARZUN,898
PARRAGUEZ,898
LORCA,891
NARANJO,890
ENCINA,889
VICENCIO,885
LLANCAO,883
VARELA,881
LAZCANO,878
NORAMBUENA,874
PEÑALOZA,872
PEREIRA,871
URETA,869
PADILLA,866
GALLEGUILLOS,862
VALDERRAMA,861
BENITEZ,856
JARAMILLO,852
ALCAINO,845
ORDENES,844
LILLO,843
MATELUNA,841
BERNAL,840
VILLA,837
CALFIQUEO,825
MAUREIRA,820
CARRERA,819
ROCCO,819
MONSALVE,817
RIFFO,816
OVALLE,812
MAGAÑA,809
LLANCAVIL,808
ARRIAZA,805
CORVALAN,801
OYALA,798
PAEZ,796
MONTERO,795
CERON,794
QUINTANILLA,790
BARRIOS,789
ALTAMIRANO,787
SARAVIA,785
MADRID,784
VARAS,779
VILCHEZ,774
CHAMORRO,764
BARRIGA,762
RECABARREN,759
GALDAMES,758
QUIJADA,751
JAQUE,751
ACOSTA,749
JOFRE,748
TRUREO,741
ANTINAO,739
AVALOS,739
TELLO,736
VALERIANO,729
SEGUEL,726
BREVIS,726
VILLARROEL,719
OJEDA,718
LETELIER,713
MAULEN,709
CASTAÑEDA,708
ALBIAL,708
HADDER,707
CHEPO,697
ROSALES,696
ARCOS,694
AGURTO,692
PINEDA,689
CESPEDES,689
CARTES,687
AEDO,686
CANTALLOPTS,683
TAMAYO,682
ROBLEDO,678
ALCORTA,676
OYARCE,675
REVECO,672
NERIS,671
BRICEÑO,668
PALOMINOS,666
OYOLA,661
ROLDAN,660
ROZAS,658
AMESTICA,657
LUISA,657
GORDILLO,648
IRRAZABAL,647
MACHUCA,646
VALENTIN,645
ALLENDE,644
CADIZ,640
ARELLANO,638
SALDAÑA,637
FRANCO,636
OTAROLA,636
VIVANCO,635
BELLO,633
LOAIZA,632
ÑANCUPIL,631
ORMAZABAL,631
NEGRETE,630
GALARCE,630
ORDOÑEZ,629
ESCOBEDO,627
SANTANA,626
ZENTENO,626
NARVAEZ,624
CUBILLOS,621
BECKER,617
ALMONACID,614
OÑATE,613
ELGUETA,609
GARAY,607
COLLIO,606
ITURRA,604
CELIS,602
LLANCAPAN,597
HUENCHUAL,596
VILLAGRA,593
URTUBIA,593
DROGUETT,588
LAPORTE,584
MORAN,584
LIZANA,581
ESCALONA,577
BARRUETO,577
SALAMANCA,576
SOBARZO,575
TORIBIO,573
GRANDON,572
MOREIRA,571
OPAZO,568
TOUSSAINT,567
PUGA,566
VILLAGRAN,558
MARIQUEO,558
EGAÑA,553
BROGI,551
VELA,550
TRUJILLO,549
ALLENDES,549
ANTILLANCA,549
BIZAMA,548
CABEZA,548
ALVEAR,541
LEYTON,541
AGUILA,539
LUCERO,539
TIGREROS,536
CLAUDIA,536
AREYUNA,536
LARRAIN,534
ROSAS,534
MONTES,533
IBACETA,533
UBEDA,532
ANTILEF,531
PINILLA,529
MORIS,527
ZURITA,525
MEDEL,524
STEWART,520
PIÑEIRA,519
MAXY,517
BOUFFENAIS,515
BASCOURT,511
MARINAO,510
SEGURA,508
GARNICA,506
OBREQUE,506
SARMIENTO,505
MELIPAN,503
PEZOA,502
BRUNA,502
DAZA,502
LUNA,499
PUEBLA,497
FARFAN,496
PRADO,494
MARABOLI,494
ESPARZA,493
CATALDO,492
ESTAY,489
ALDAY,489
TREJO,487
SALDIVIA,482
QUIÑILEN,481
QUIÑONES,480
CASANOVA,479
NECUL,479
MILLANAO,479
ABURTO,476
VALVERDE,475
CAMUS,474
ANCAMIL,473
ARREDONDO,472
SALVO,470
BANDA,470
GARATE,468
BASUALTO,467
ARROYO,467
ISLA,466
CARRIZO,465
NEUTULPAN,464
MONDON,463
OCHOA,461
LUENGO,460
GALINDO,456
APARICIO,456
HURTADO,456
HUENCHUN,455
SAGREDO,453
PAINEMAL,451
CRUCES,450
OLIVA,450
PIERRE,450
FIERRO,449
ORREGO,448
ARAOS,448
QUILODRAN,447
URREA,444
BLANCO,444
CEBALLOS,443
SOZA,440
LUCAVECHE,440
PULGAR,439
LATORRE,437
LABBE,437
QUILAQUEO,437
QUEMAYA,434
ZARATE,433
LOAYZA,433
OLMOS,432
BIAVA,431
MILLAPAN,430
ORTUZAR,430
SUZARTE,429
LABRAÑA,426
BASCUR,420
COÑOEPAN,418
MOGOLLON,409
PARANCAN,408
APABLAZA,407
APPELGREN,407
LAVIN,406
DAINE,406
MERCADO,405
URBANO,404
JAÑA,404
AVELLO,404
DINAMARCA,403
ANABALON,403
AROS,403
RAMBAY,403
VEAS,403
CANTO,398
LEVIN,397
DAVILA,396
MONSALVES,395
CARTAGENA,392
OLIVEROS,392
APPLEGREN,391
ASCENCIO,391
BALCAZAR,388
PAREDERO,385
MOSCOSO,385
MARIHUAN,384
CORDOBA,383
MANZANO,382
BERMUDEZ,381
PALOMERA,381
GUIÑEZ,381
VILLALON,380
URDANETA,378
CHI,377
HERRADA,377
BELMAR,376
MALLEA,376
NAHUEL,374
ZELADA,373
PERUCCI,372
FREDES,371
PASTEN,369
ARANA,369
AILLAPAN,368
LUCK,368
MULATO,367
YEVENES,366
UMAÑA,366
ZAVALA,361
FECCI,360
DUQUE,358
LABARCA,358
ESPAÑA,358
QUINTUPIL,358
BARRALES,358
CANO,355
CATRILAO,354
LABRIN,352
LARENAS,352
MACHAO,352
BARROS,351
FAJARDO,351
PANGUINAO,351
MACIAS,350
EPUL,350
ALMARZA,348
ASTETE,348
SANTIAGO,348
SIMISTERRA,346
VILLAR,345
FONSECA,345
SANTELICES,344
MARTIN,342
ANTIVILO,342
MESIAS,342
ARANGU,341
GUEVARA,339
ALOCILLA,339
MANSILLA,337
SINISTERRA,337
PRISSINGG,337
GIL,335
OLMEDO,334
ABALLAI,333
ZEPEDA,332
HUICHACURA,331
SANZANA,330
LECAROS,330
CRIOLLO,330
GREZ,329
QUIÑALON,328
OCAMPO,326
CERECEDA,326
NARCIZO,323
BAJARA,323
PALOMO,323
OCARANZA,322
ASENCIO,322
ROMO,321
MERIÑO,320
ARZOLA,320
HIGUERA,320
OROBIO,319
PEÑAILILLO,318
MONTOYA,318
PAILAHUEQUE,316
CABAÑA,315
GRIÑEN,314
TARRAZA,314
CHACANO,313
ARTEAGA,312
FREZ,312
NAHUELHUAL,312
GUARDIA,311
PAILLACAN,310
LIBERONA,310
ESTRADA,309
CASANGA,308
OLATE,308
HERNAN,308
PIUTRIN,308
VILLAVICENCIO,307
REYNA,307
VELOZO,305
LLARO,305
MURRUGARRA,305
SIERRA,305
OYARZO,304
CURIQUEO,302
LAMATTA,301
MAMANI,301
JOSEPH,301
OPORTO,300
MERA,299
SANTOS,299
MILLAN,299
UGALDE,299
RIVERO,298
ABALLAY,298
IBACACHE,297
GUITARD,295
HUICHAQUEO,295
BATISTA,294
CEGARRA,294
MILLAQUEO,292
PARRAGUIRRE,291
CARLOS,290
LLANCA,290
MEJIA,289
ALCANTARA,289
PEDRAZA,288
GAC,287
COLOMA,287
ITURRIETA,286
ITURRES,286
CONSTANZO,285
CALLEJA,284
CARVALLO,284
MANQUIAN,284
SEVERINO,283
ADASME,283
VIEYTES,283
MILLALEN,282
HUENTECURA,282
BUENDIA,282
ACEITUNO,281
ESEME,281
SANABRIA,280
ANCAPICHUN,280
HUIRCAN,280
SAZO,279
SEREY,278
PAILLAL,278
ASTROGA,276
PRIETO,276
CAMACHO,275
COLIHUINCA,275
LANDEROS,275
FABRES,275
ZABALA,274
NARZA,274
NITSCHKE,273
QUEVEDO,273
BACILO,273
COMPERE,272
ZAY,271
PEDREROS,269
MENARES,268
CARIZ,268
PRADENAS,268
ANTONUCCI,267
BOLIVAR,266
FONTEALBA,266
BUZETA,265
OYANEDEL,265
MADARIAGA,265
ÑIRRIL,265
DECIR,265
DUEIN,262
QUINTUMAN,262
ANDRADES,261
OVIEDO,261
GACITUA,260
RANGEL,260
MARICAN,259
MIÑO,259
ÑIRRIAN,258
VELASCO,256
AMTHAUER,254
ERICES,254
TOLOSA,253
OSORES,253
LABRA,252
URRIOLA,252
CARDOSO,251
GUAIQUIMILLA,251
BERGUÑO,250
PORMA,249
SALVATIERRA,248
MONSERRATE,248
FINSCHI,248
SOTELO,247
BOSCAN,247
MELO,246
INZUNZA,246
OLEA,246
NILO,246
OLIVOS,246
FILUN,245
SALFATE,245
ROSA,243
REINOSO,242
RONCAGLIOLI,242
HUENCHUL,242
VELOSO,242
CEA,240
FABIO,240
CHAPARRO,240
CANIUÑIR,240
FRITZ,239
AINOL,239
PAINEN,239
ALMENDRA,238
SOTOMAYOR,238
ESCALANTE,238
TILLERIA,238
MARCANO,237
TAMARIN,237
AGUERO,237
VILLACURA,236
GAVILAN,234
ANGULO,233
LOZANO,233
SOL,232
OGUEDA,231
PURROY,230
HUALACAN,230
AZABACHE,230
VIDAURRE,229
TRANGO,229
CARIS,228
ESPEJO,228
SHERMAN,227
CANESSA,227
MONTECINO,226
CALVO,226
VILLABLANCA,226
AUQUILEN,225
ALCOTA,224
BARBOZA,224
TABILO,221
ERAZO,220
ESTARTUS,220
POBEL,220
LAVANDEROS,220
BERLAND,219
SANTAMARIA,219
NOGUERA,219
MARIA,217
GANGA,217
MILLANGUIR,216
PARISACA,216
MUJICA,216
SEPÚLVEDA,216
CAAMAÑO,215
GUMERA,215
VIVAR,215
HUAIQUINAO,215
TRANAMIL,214
RIVADENERIA,214
HUICHIÑIR,214
CAYUPI,213
NIRRIAN,213
NAVIA,213
IRARRAZABAL,212
HUAMAN,212
LLANTEN,211
POVEDA,211
QUINTREQUEO,211
LEMUS,211
ALVIAL,210
PERDOMO,210
MATTA,210
ESCANDAR,209
BLAS,209
HENRICE,209
PIMENTEL,209
VEJAR,208
CAMPO,208
CORTINEZ,208
CATRILEO,207
ARNAIZ,207
SOLANO,207
MELENDEZ,206
PALAVICINO,206
BAHAMONDEZ,205
QUINTERO,205
ALLCCA,205
SOLAR,205
MOYANO,205
ARACENA,205
MARMOLEJO,204
CAJAS,202
FUHROP,202
GIRALDO,202
CARRIL,202
ENCARNACION,201
LAFORTUNE,201
PORTUZE,201
LORR,201
MELLAO,200
CONTRERA,200
JESUS,199
CHACANA,198
CARVACHO,198
MARIMAN,197
CAIHUAN,197
CUELLAR,197
MONJE,196
CORONADO,196
OBREGÓN,195
BETANCOURT,195
ARRAÑO,195
PETERSEN,195
HINOJOSA,194
LIBUY,194
LUZARDO,193
AGUILEF,193
MURILLO,193
CASAS,193
LLANCALEO,192
BUGUEÑO,192
BEIZA,192
TEJOS,191
CARES,190
VILLAROEL,190
BERBESI,190
IBINARRIAGA,189
PASMIÑO,189
R0SALINDO,189
BASOALTO,188
BENITES,187
MACEBO,187
UBILLA,186
TOLOZA,186
LUCO,186
CLAVIN,186
WAINTRAUB,186
ESPINAR,186
ARDILES,186
ANTICAN,185
GILBERTO,184
SAINT,184
VILELA,184
RIFO,184
OLIVERA,184
NECULÑIR,183
LAZARO,183
FRIAS,183
TORREJON,183
QUILPATAY,183
HUICHAMAN,183
FRIZ,182
CABAÑAS,182
ARAGON,182
UTRERAS,182
ALCAMILLA,182
SOLARI,182
ARRIOLA,181
NIRIAN,180
YEVENEZ,180
VALERA,179
BUERAS,179
FALCON,178
CRISOSTO,178
LLANCAFIL,178
OCARES,178
BERTEA,177
NICOLICH,177
VILLON,177
CONEJERA,177
BELOCHAGA,177
AMPUERO,177
TAIBA,176
BERNER,176
LAFONT,176
CARICEO,176
CURRIHUAL,176
MONSALVEZ,175
NECULMAN,175
INOJOSA,175
LUIS,174
ESCARES,174
MASSABO,174
PUMA,174
CONA,174
MANQUE,173
BENTAZO,173
MELITA,173
AMIGO,172
VALDENEGRO,172
BEJARES,172
TRAZIL,172
MORAT,171
HOTT,171
CAICEDO,171
DONAIRE,170
OTINIAO,169
AMAYA,169
VALDEZ,169
SANFURGO,169
RIDERILLI,168
VILLARROYA,168
JHONSON,168
ESPINDOLA,168
CLAVERO,167
VILLAMIZAR,167
ARANGUA,167
MIQUE,167
VALDIVIESO,167
BAUTISTA,166
RAIMIL,166
MILANO,166
JAUREGUI,166
MARILEO,166
MARCHIONI,165
DAVID,165
SALDAÑO,165
LINARES,165
BRITOS,165
PASTENE,164
GAMEZ,164
YEUTO,164
LEVIO,163
BETANCURT,163
CHARA,163
CAVALLO,163
COÑUENAO,162
HUENCHULLANCA,162
HEREDIA,162
TERAN,161
CUATTROCCHI,161
ANCAVIL,160
HUAIQUILAF,160
OSSANDON,160
CERNA,160
BONILLA,160
CONTANZO,160
ARGOMEDO,159
NAHUELÑIR,159
ARRIECHE,159
EPULLANCA,159
ILLANES,158
MARKUSOVIC,158
DENDARIEN,158
VILCA,157
AMOYAO,157
MANQUEL,157
HUALA,156
ARTIGAS,156
ESTER,156
PAILLAVIL,156
ARAUJO,155
NUR,155
POZA,155
SANTIS,155
PARENTTI,155
MARIE,155
ALTUVE,155
QUISPE,154
CAULLAN,154
ARGANDOÑA,154
DEVIA,154
MOLLER,153
CURINAO,153
AROCA,152
FRANCOIS,152
HUENCHUQUEO,151
LOUIS,151
PAINEMIL,151
CONTARDO,151
SORIA,151
BULEJE,151
LONCON,151
PETIT,151
WASTAVINO,150
VILLASECA,150
ALCARRUZ,150
CUESTA,150
OPORTUS,150
QUIERO,149
BUCAREY,149
BARRIO,149
SALDIVAR,149
CONEJEROS,148
VIERA,148
TORTIS,148
CURICHEO,148
LEVIQUEO,148
PUCHER,148
GILLIBRAND,147
HUENTECOL,147
AELLOS,147
CARRANZA,147
LUQUE,146
PRADEL,146
ÑANCULEF,146
MAGO,146
FUENTE,146
PAREJA,146
GRUMI,145
FELIPE,145
HERMAN,145
HIGUERAS,145
ASTROZA,145
COLILEF,145
HUENCHUNAO,145
PINOCHET,144
TENORIO,144
HUAIQUIAO,144
EMIHUEQUE,144
CORIA,144
CAROCA,144
RENGIFO,143
TREJOS,143
MARICURA,143
ALCAPAN,143
CHUMAN,143
MILLAÑIR,143
BOZO,142
VINE,142
CELEDON,142
FIKAR,141
DIROCHE,141
CHEUQUE,141
ROCA,141
TRAIPE,141
VALLE,141
MANZOR,140
GIRON,140
OGAZ,140
VILLARREAL,140
UGARTE,140
ANTIQUEO,139
MILLA,139
MANQUELIPE,139
SAENZ,139
CAÑETE,137
PAILLALEO,137
LORTHE,137
CAYULEO,137
PINUEL,137
ANAIS,136
MARIANJEL,136
JASIMINO,135
ARANIS,135
HUENUQUEO,135
GARIN,135
CASTELLANO,135
FICA,135
ANEZ,135
PUEN,134
BAZA,134
LUGO,134
OVANDO,134
WILLIAMS,134
JAURE,133
CURIHUINCA,133
CHANGANA,132
MILLAO,132
MANDUJANO,132
SOLIZ,132
CIGNA,132
CURIN,131
HORSTMESER,131
HUENCHUCOY,131
VILLENA,131
AHLERS,130
PUERTAS,130
COÑAPAN,130
VIVAS,130
STUARDO,129
SABATE,129
ALONSO,129
NANJARI,128
ANGRINZONEZ,128
COPIER,128
CORRALES,128
RINCON,127
ARREY,127
BATTANCOURT,126
MINOTA,126
RAYMOND,126
RAFAEL,126
PEROZO,126
CATRIÑIR,126
WISLANDE,125
ATENAS,125
BARDELI,124
PORCENAT,124
PABLO,124
COLMENARES,123
ADVINCULA,123
CEDEÑO,123
ANGELICA,123
LARRAGIBEL,123
ASIS,123
CABANILLAS,122
UNDURRAGA,122
PALACIO,122
BRACHO,122
PAUL,122
VILLALBA,122
COCHE,122
ESPINOLA,121
SALVADOR,121
ALISTE,121
GAYASO,121
MALHUE,121
MATOS,121
AVARIA,120
RACOVSKY,120
CANIULLAN,120
GELVEZ,120
VELAZQUEZ,120
MILLACHE,120
CARIQUEO,119
INALEF,119
FUENMAYOR,119
IBARGUEN,119
NECULQUEO,119
MAYORGA,119
LINCOPIL,118
ENERO,118
ALVA,118
HUENTEMILLA,118
CHICAHUAL,117
AQUEVEQUE,117
TEJO,117
CANIO,117
CALFULEO,116
JOPIA,116
BASTIDAS,116
GORMAZ,116
CALQUIN,116
CARQUIN,116
SIGLIC,116
PIEDRAHITA,116
GAZMURI,115
MACAYA,115
LAURIE,115
CAYUPIL,115
SOLDADO,115
POU,115
BALBOA,115
DUEÑAS,115
HUENCHULAF,115
MADRIAZA,114
ALAMOS,114
ANTIPE,114
LICANQUEO,114
BONDI,114
REYGADA,114
PILQUIMAN,114
ESQUIVEL,114
AGUDELO,114
CATALÁN,113
ANAPOB,113
AMU,113
ARISMENDI,113
NAHUELPI,113
HUENUMAN,113
NAMUNCURA,113
PASTOR,113
LIENLAF,112
SCHMESSANA,112
LISSETTE,112
CAYUNAO,111
ALARC,111
ALMAGRO,111
CANELO,111
IRRIBARREN,111
ACEITON,111
ABARZA,111
MAÑODES,110
BEAS,110
OSES,110
ESCUDERO,110
BRISIMONTIER,110
RASSE,110
ALZAMORA,110
LIEMPE,110
MORGADO,109
ASTARGO,109
CARRIEL,109
COMENARES,109
MANZO,109
GIMENEZ,109
COLIHUIL,109
LAZARTE,109
HUENTEQUEO,109
ALBURQUENQUE,109
SCHUFFENEGGER,108
NEXLSON,108
HUECHE,108
CANAVIRI,108
NOVA,108
FABIAN,107
YONCO,107
ARIZOLA,107
HINOSTROZA,107
WIGAND,107
ADRIAZOLA,107
LORENZO,107
BORDILLO,107
ALMENDRAS,107
COIHUIÑ,106
NAHUELQUEO,106
ROBLERO,106
ARRUE,106
MERY,106
BUENO,106
ENRIQUEZ,105
LEIGHTON,105
FERRARI,105
NAKAMINE,105
DELPHIN,105
CHAHUAN,105
OLAVARRIA,105
RIBERA,104
ÑANCO,104
QUIRIVAN,104
BASAURE,104
MUNZENMAYER,104
TRIGO,104
CORONA,103
CARILEO,103
PEZO,103
BADILLA,103
LIAN,102
MILLAR,102
NOVAKOVICH,102
LARICO,102
GUILLEN,102
MESINA,101
CARDONA,101
LONCOMILLA,101
MOENA,101
PERLOZ,101
COLINA,101
HARO,100
CHANTALE,100
LANGER,100
JENSON,100
TEXARA,100
CALFANTE,100
BEROIZ,100
BRANDT,100
GAMARRA,99
ROJO,99
SAINTIS,99
SABANDO,99
CHIHUAICURA,99
CARPIO,99
MONROY,99
ESPINO,99
COLMENAREZ,99
AQUILEF,98
LANDAETA,98
BAZAES,98
FUTALEF,98
IGLESIAS,98
ARTIAGA,98
ELGUEDA,98
ABREU,98
FINOL,98
SPEER,98
IGNES,98
MATIAS,97
VILO,97
MEGO,97
COURTEN,97
ALBARRAN,97
GREGORIC,97
LUARTE,97
TAVIE,97
FARRU,97
PICHUN,96
RISCO,96
FARÍAS,96
SORIANO,96
ORE,96
TRIVIÑO,96
MORANDE,96
DJENNY,96
MAMAMI,96
BAVESTRELLO,96
MOSQUEIRA,96
CRIADO,95
CAYUL,95
CANIVILO,95
SHIGUE,95
ANDIA,95
IRRIBARRA,95
PÉREZ,95
VILLCA,95
COLIPE,95
LUCENA,95
MOSQUEDA,94
LABRACA,94
SUSARRE,94
ALZATE,94
ROQUE,94
ENCALADA,94
MONARES,94
CUNA,93
BRECAS,93
COTRERAS,93
ONTIVERO,93
ANTICOY,93
YÉVENES,93
RAIMAN,93
LEZANA,93
MAXIME,92
JARPA,92
MANCEBO,92
VILLALONCO,92
APOLINAR,92
ANDAUR,92
DUCHENS,92
CUCUMIDES,92
MARDONEZ,92
CUMPLIDO,91
CHURON,91
FARIA,91
ESTIME,91
CARRERAS,91
CAMBIASO,91
CONTADOR,90
TERRAZA,90
ALDUNCE,90
MARIVIL,90
CENAT,90
CAMILO,90
RONDON,90
RODRÍGUEZ,90
PROVOSTE,90
REVOLLEDO,89
GUBELET,89
DELZO,89
BARCO,89
LEMUL,89
MIHALICKA,89
NAVEAS,89
COLIN,89
FERJ,89
NECUÑIR,89
BRIEVA,89
BALBONTIN,89
PEÑIFIL,88
CUADROS,88
ANCIETA,88
CORALES,88
JELDRES,88
VALERO,88
PUENTE,88
FERRER,88
CALCUMIL,88
MALE,88
ELGUEDO,87
MANQUEÑIR,87
HEAGER,87
CORREAL,87
IGOR,87
WOSLINE,87
RIASCOS,87
CAEROLS,86
ROSE,86
LARRAGUIBEL,86
VALLADE,86
HURTUBIA,86
HUERAVIL,86
MARTE,86
IZARRAULDE,86
HUENOPIL,86
AULAR,85
TIRADO,85
MANUEL,85
COPLON,85
GRAU,85
ANCALAF,85
OBANDO,85
BERROCAL,85
CERPA,85
LUAN,85
QUIDEL,84
PORTILLA,84
PAILACURA,84
PONTIGGIA,84
LUBO,84
CALFULAF,84
ORYAN,84
ITURRIAGA,84
AÑASCO,84
PFUÑO,83
CAMPILLAI,83
NAHUELPAN,83
ARQUEROS,83
ALRRINGO,83
ANTIL,83
GALAVIZ,83
MONTALBA,83
CURIFIL,83
OBAÑEZ,83
PODEST,82
MONTT,82
HUICHURA,82
PADRON,82
CASTILLOS,82
SOSA,82
VICTORIANO,82
CUADRA,82
BAZAN,82
COA,82
PAGLIAI,82
TRITINI,81
POLO,81
PINALES,81
RUSICH,81
COLLIPAL,81
OTEIZA,81
SAINTIL,81
ANTIVIL,81
RIOSECO,81
CURAMIL,81
FROST,81
PULIDO,81
PRADINES,81
LONDOÑO,80
BASAUR,80
CHOQUE,80
RICHE,80
CADEGAN,80
LLANCAQUEO,80
BOUFFANAIS,80
LLAUQUEN,80
CATRIAN,80
ADICLASSE,80
RONDAN,79
CAÑAS,79
CHUREO,79
MONTEFINALE,79
ARRAU,79
CHACIN,79
MAILLEN,79
HENOT,79
TAJ,78
OLIVER,78
CAÑOPAN,78
NEHGME,78
OLEO,78
BUSTILLOS,78
PISCO,78
PORTILLO,78
MIRTHIL,78
ECHELO,78
SYMMES,78
ALVEAL,78
DARRIGOL,77
MALERMO,77
QUILIPAN,77
TIFFOU,77
CAICEO,77
CACHAÑA,77
JELVEZ,77
BALLESTERO,76
PARRAQUEZ,76
BENCHEMAN,76
CAYUQUEO,76
PLACENCIA,76
BUSTAMAANTE,76
ALBEAL,76
CASALES,76
ALDEA,76
MASIAS,76
CABRILLANA,76
LOBON,76
RICCI,76
LOZA,75
MARTINES,75
OMAÑA,75
VELEZ,75
CHAVARRIA,75
SABINO,75
DURAES,75
RIVETTI,74
TRUYAO,74
COTAL,74
GAVIRIA,74
SILVESTRE,74
NUNJAR,74
MONTAÑO,74
ANGOMA,74
NAVEA,73
MUREIRA,73
ESMAR,73
GANGAS,73
CORROTEA,73
TRINCADO,73
PUENTES,73
LLANQUITRUE,73
MACEDO,73
ERIZES,73
QUINTRIQUEO,73
TAJTELBAUM,73
PERAZA,73
ORDENEZ,73
KEY,73
MORI,73
BAZAEZ,72
CHALA,72
CALFIPAN,72
ISAZA,72
SIVINCHA,72
SARABIA,72
VILLAMARIN,72
RAIN,72
COILLA,72
CHATIER,72
UTRERA,72
MICHEA,72
CANIUPAN,71
ORLANDO,71
GORIGOITIA,71
GRANJA,71
PERALES,71
CATRIAL,71
CABRALES,71
VILA,71
PINELA,71
MONGES,71
PAINENAO,71
ABRIGO,71
BASULTO,71
VICENTE,70
CRUZAT,70
CHIRINOS,70
EDUARDO,70
VIVIANCO,70
OROZCO,70
MESA,70
OLIVAREZ,70
BELAUNDE,70
RIVADENEIRA,69
AMBA,69
HUENCHUMAN,69
LABRADOR,69
LIENCHO,69
QUICHE,69
MALUENDA,69
MONTIEL,69
KURTE,69
ZENDRINI,69
PUSFOL,69
CIPRA,69
GARCÍA,69
COLLINAO,69
CARIDAD,69
MARUKAWA,69
APAZA,68
HINESTROZA,68
MULLER,68
QUEGLAS,68
BERNALES,68
MATEO,68
ATRIA,68
EXAT,68
CALFUQUEO,68
PASTENES,68
LEANDRO,68
GUITIERREZ,68
ARMANDO,68
LUDWIG,67
ROJEL,67
RAPIMAN,67
MELIMAN,67
JUAN,67
ARIZTIA,67
MANTILLA,67
MASGO,66
TINEO,66
LEROY,66
ABARZUA,66
VIELMA,66
SEGUNDO,66
FAUS,66
RENE,66
PANTOJA,66
CHAMACHE,66
NEGUIMAN,66
ARVELAEZ,66
CARGNINO,66
COMELIN,66
REVERSON,65
FRE,65
HUINA,65
AGULAR,65
MANYOMA,65
GORIGOYTA,65
SILA,65
CANTUARIAS,65
ESCAMILLA,65
PAROUD,65
BOLAÑO,65
VICUÑA,65
COPPA,65
ALCALDE,65
CARILAO,65
LARRONDO,65
BRATESCO,65
HUIRCAPAN,65
NEYRA,65
PIRELA,65
LEFIMIL,64
ALZERRECA,64
BERTINI,64
SANTA,64
ISLAS,64
PAILAMILLA,64
DOBRONIC,64
PERLAZA,64
LONCONAO,64
MIGUEL,64
NAIYAPAN,64
SOIRISSAINT,64
PARKER,64
JOY,63
QUILALEO,63
BALBUENA,63
LEVICAN,63
HEVIA,63
MOMBERG,63
MANSISIDORO,63
PANDORFA,63
BAHAMONDE,63
LADINO,63
MELILLAN,63
TERESA,63
LARGO,63
COLLI,63
MELINAO,63
CASIMIR,62
MIYAKI,62
TOZO,62
BARRANTES,62
AQUINO,62
NIÑO,62
MILLACARIS,62
ERIZA,62
SMITH,61
MONRAS,61
BONTES,61
RABANAL,61
FON,61
MELI,61
LOURDES,61
SOBINO,61
COROMOTO,61
VILLACIS,61
ISABEL,61
COLICHEO,61
JENDY,61
LAGO,61
VALDEVENITO,61
NELFUI,61
MURUA,61
MARIANGEL,61
HUENUPI,61
PITICONA,61
ACACIO,61
GAYMAR,60
LARRE,60
PONTIGO,60
KAISER,60
WERNER,60
SUANES,60
LINCOPAN,60
MALVERDE,60
CAJUSTE,60
BODEVIN,60
PANDOLFA,60
IGNACIA,60
VIGORENA,60
FORTIN,60
CORAIL,60
BARROZO,60
CALLE,60
ARONTICO,60
COLORADO,60
NIETO,60
JOHNSON,59
PAILAPAN,59
QUILICHE,59
HUILLIN,59
JACOBS,59
CUSI,59
ARENA,59
GANZUR,59
URRAS,59
DIEZ,59
GRACIEN,59
ARAMAYO,59
SALINA,59
FUNES,59
NAVAS,59
CAYUN,59
CHIQUIN,59
AZUA,59
BELEN,59
MARASI,59
CANIUQUEO,59
VASCONCELO,58
FREIRE,58
CARRERO,58
MANAURE,58
BEWEIS,58
LLORENTE,58
ESPRONCEDA,58
PUELMA,58
VÁSQUEZ,58
MONTALVA,58
NICASIO,58
LEONE,58
QUIRAMA,58
SEMINARIO,58
RAUCHER,57
YSABEL,57
PORTIGO,57
ALE,57
TOVAR,57
JARUR,57
FARAY,57
ALOMIA,57
ACHO,57
SCHURCH,57
GRATEROL,57
VILORIA,57
ALGARA,57
MARDOÑEZ,57
ARRIVE,57
LIEMPI,57
VILUGRON,57
INFANTE,57
CARRAZANA,56
SARTTI,56
CHICIOADA,56
TAN,56
ELOS,56
COLQUE,56
CATRIL,56
PLATEO,56
GRACIA,56
CRISOSTOMO,56
FONCEA,56
ARCAYA,56
HUENUL,56
SCHMID,56
BRISO,56
CANIUMIL,55
PICHULMAN,55
TRIPAINAO,55
RAVELLO,55
LAGUNAS,55
ROSS,55
CANNOBIO,55
FOLCHI,55
LINCOPI,55
DOMINGO,55
CUELLO,55
JULIO,55
COSTA,55
FERNADEZ,55
VALDEVELLANO,55
LAGORIO,55
HUALME,55
COLLANTES,54
ELIZONDO,54
TITA,54
VIVENEZ,54
MALTES,54
COLIMIL,54
VERGEL,54
AQUEDA,54
BUITRAGO,54
CARU,54
ALOR,54
CRESPO,54
QUILLAY,54
SCHMESSANE,53
PAINEL,53
TONDRO,53
MARTORELL,53
CARRREÑO,53
ALAÑA,53
CASTA,53
APONTE,53
TORREBLANCA,53
VICHUNANTE,53
ETIENNE,53
MOZO,53
PAILLALEF,53
CARRION,53
HUENCHU,53
AYANOME,53
PEDRERO,53
OBREGON,53
SUCASACA,53
TELLES,53
OSSA,53
ESTRAVER,53
COELLO,53
ACHU,53
HUEICHA,53
PICHINIL,53
GUEDEZ,53
CARRASQUERO,53
CARIAGA,52
JUSTINIANO,52
TRECAN,52
BUJELE,52
BELTRE,52
GUDIÑO,52
BOCANEGRA,52
LEPIN,52
VILLELA,52
AQUEVEDO,52
ALCAYAGA,52
PALOMINO,52
MACHADO,52
SUTTER,52
CASTAÑO,52
MARMIE,52
MONTAÑA,52
JANVIER,52
BIZCARRA,52
PEREDA,52
NAVA,52
CAÑUPAN,52
CASSARETTO,52
QUIDENAO,52
CUNALATA,52
REMICIO,52
BALLESTEROS,52
JUAREZ,52
TOLORZA,52
CURIVIL,52
PAINECURA,52
HUAIQUIÑIR,51
MAZUELA,51
OLMO,51
DOTEL,51
CAIMANQUE,51
LANDERO,51
LEONARD,51
BELCKERBACH,51
SAGUEZ,51
MERI,51
PEDEVIS,51
COLIMAN,51
OBLITAS,51
ARCILA,51
ILUFI,51
PINAR,51
DESCALZO,51
MOSQUERA,50
ANCAN,50
AILIO,50
RUMINOT,50
LARACH,50
CURIMIL,50
BASAEZ,50
CAMAÑO,50
CANIULAO,50
ESCANILLA,50
PENRROZ,50
ZULETA,50
DÍAZ,50
SENAT,50
ROSSEL,50
HANCO,49
BELISARIO,49
COVARRUBIAS,49
ANGEL,49
MAQUERA,49
VENTURA,49
ANTILEO,49
CAROLINA,49
ESPICHAN,49
MUNNE,49
BARBERIS,49
MALLEO,49
FAUNDES,48
MORILLO,48
PONIATOWSKY,48
VON,48
LEONARDO,48
ABELLO,48
EYZAGUIRRE,48
TURRA,48
CHAPA,48
IZAMA,48
DON,48
VELÁSQUEZ,48
HUENTENAO,48
WACHAPEA,48
TEVEZ,48
PANES,48
CLAVERIA,48
ILIGARAY,48
LLANQUINAO,48
GUIZADA,48
BILBAO,48
PAINAMAL,48
CARROTEO,47
DRASNI,47
JAMETT,47
VERNEUS,47
YANCA,47
REY,47
ETTY,47
PABLAZA,47
MANTEROLA,47
MONTUPIL,47
SANGRONES,47
FONTENA,47
ZAGAL,47
MONGOYA,47
SOLORZA,47
MAESTRE,47
MELIN,47
SOÑAN,47
EMBRY,47
HUENCHUÑIR,47
ALTAMIRANDO,47
SANTE,47
TENO,47
SABRA,47
MILLANIR,46
NESTARES,46
MERILAND,46
HUENUANCA,46
TELLEZ,46
MONTILLA,46
AVILAS,46
ZIEHE,46
LANDINO,46
MONDRAGON,46
TUDELA,46
OSORNO,46
FAUDEZ,46
DOTE,46
AVELIN,46
LIGUEN,46
SIMONET,46
ARISTIZABAL,46
CERA,46
HUAQUIN,46
YUFFER,46
MAIRAN,46
LUCAR,46
LIENQUEO,46
GINGIS,46
VELAZCO,45
CHEUQUIAN,45
BURBANO,45
ISAMIT,45
PITICAR,45
JEUDY,45
ABAD,45
CAYUPAN,45
NARCHI,45
SPIELMANN,45
TASSO,45
GALDAMEZ,45
HUENCHUPAN,45
RUAI,45
CAREZ,45
MONTALVAN,45
COILLO,45
ORO,45
AMARO,45
PESCAGLIA,44
ATABALES,44
REA,44
TRANGOL,44
SELMAN,44
MAULLEN,44
GONZÁLEZ,44
SMARTH,44
CODOCEO,44
FONT,44
JADUE,44
COLLANTE,44
VACA,44
SEDME,44
RUSSEL,44
CORRO,44
BELLENGER,44
ANTONIO,44
INAL,44
YARLEQUE,44
CIUDAD,43
MILOVIC,43
INDO,43
SOLORZANO,43
BERRUETA,43
RESURRECCION,43
DUPRE,43
BASTARDO,43
YUCRA,43
CHINCHON,43
INES,43
ZELAYA,43
BULNES,43
PENCHULEF,43
PAINEVILO,43
ORTUYA,43
PUCHE,43
VILLAO,43
FORGES,42
RUVINA,42
POQUIVIQUI,42
COÑA,42
VEGAS,42
CAUTIVO,42
TOMAS,42
HODGE,42
FAURE,42
UZCATEGUI,42
CHARLES,42
COLLIN,42
CAÑA,42
ZUMELZU,42
WALKER,42
GEREZ,42
MERTINEZ,42
VIRA,42
JACKSON,42
LUJAN,42
USCAMAYTA,42
ILLESCA,42
REUQUE,42
REQUENA,42
RITA,42
TEJEDA,42
HUARAPIL,42
BELLEUVE,42
BIANCO,41
HERRERO,41
DAGA,41
COPPIA,41
PISK,41
HEIM,41
COLIQUEO,41
SCHELL,41
LABEE,41
ITURRE,41
CAMPUSANO,41
ARNOLD,41
INASTRILLA,41
VAGNE,41
PIZZARRO,41
PASTRAN,41
GONZALO,41
MONGE,41
CHUQUI,41
MARIFIL,41
FEBRES,41
SALDIA,41
LAGUERRE,41
MALLIA,40
VAQUERIZAS,40
VILLAFAÑA,40
NICOLA,40
IRIARTE,40
MAZUELAS,40
RECABAL,40
PIRUL,40
PEREA,40
TORRECILLA,40
AMBIADO,40
CELEMIN,40
MAESTRACCI,40
MONTANO,40
BILIMENIS,40
ALMANZA,40
ANINAO,40
ARCAPIDO,40
BAÑARES,40
AGUILLON,40
NAIN,40
ROVEGNO,40
PAINEPAN,40
YNGARUCA,40
ENCINAS,40
CASTILLA,40
YEVILAO,40
MILLAQUIN,40
CESPED,39
CADENA,39
CATRIMAN,39
BECERRIT,39
HAWI,39
SONNTAG,39
FREITAS,39
TATIANA,39
CABAS,39
WEINBER,39
MORRIS,39
LARRIGA,39
LAFERTE,39
EGUSQUIZA,39
PASACHE,39
LEPIMAN,39
GARDA,39
LECARO,39
CHILCUMPA,39
LANTADILLA,39
ESTOBAR,39
PONCIANO,39
SAGARDIA,39
PAKER,39
CHUQUILIN,39
MILLAS,39
LAMBERT,39
ALCIVAR,39
LAREDO,38
CHEHUAN,38
BATER,38
LOLI,38
ALEXIS,38
MARELO,38
CLAVO,38
JUICA,38
INYELCO,38
CABELLOS,38
HARCHA,38
CHEUN,38
LASSO,38
ALVIÑA,38
PATIÑO,38
GARO,38
MILLARES,38
BARRETO,38
HUICHAHUALA,38
PUITRIN,38
HUEICHAO,38
SEMPRUN,37
GANA,37
CALABRAN,37
ZULIAN,37
LEPILLAN,37
VALBUENA,37
MARGAÑO,37
OLIVERES,37
ÑANCUCHEO,37
MANCINI,37
ESVEILE,37
CAPUCHELLI,37
EPULEF,37
CONEJERO,37
PICHILEF,37
MIJARES,37
NORIEGA,37
ALVIRA,37
LIDID,37
HAMBURGO,37
ANTOINE,37
GAUNA,37
MAÑAN,37
LORES,36
GASTELUMENDI,36
OGALDE,36
MACHIMAN,36
ARNAUD,36
PRINCIVIL,36
HUENTULLE,36
HUENULEF,36
BENAVENTE,36
MAGNA,36
QUIJANA,36
MUÑIZ,36
CONDOR,36
ALMUNA,36
ARRATIA,36
LINCUANTE,36
BINNEVEISS,36
PIÑANGO,36
REYEASSE,36
RAMÍREZ,36
BENANCIO,36
HERNIQUEZ,36
NACARATE,36
RUDZAJS,36
MOLL,36
ERLAN,36
BALADI,36
CULQUICHICON,36
AMBUL,36
ATAHUALPA,35
MILLAMAN,35
CAISEO,35
HERNANDE,35
ELENA,35
PORTALIER,35
SOUR,35
MAUNA,35
SUBERAUX,35
PENAGOS,35
ANTIÑIR,35
CAPCHA,35
VALERIO,35
HUILIÑIR,35
ZITKO,35
NOVACK,35
TIMANA,35
VALDERAS,35
DUMULEO,35
CUBILLAN,35
HUEITRA,35
BEDOYA,35
IRIBARRA,35
LERIS,35
CHEREAU,35
COLIHUINCE,35
VIZACAYA,35
DUVO,35
HUGO,35
CAMBIAZO,35
SENA,35
ALEU,35
HUARA,35
SUTTERLIN,34
CHAVARRI,34
GUAIQUIPAN,34
HUENCHULEO,34
MANQUILAN,34
BRENET,34
LEBLANC,34
LUZ,34
QUINCHAVIL,34
HUILIPAN,34
BRIZUELA,34
JELDREZ,34
CABRA,34
CADAVID,34
ZARRAGA,34
MONJES,34
GALLEGO,34
QUEIPUL,34
REGEASSE,34
FRANKLIN,34
NEUMANN,34
TEJADA,34
BLASCO,34
GUAIQUE,34
MICALY,34
ACHATA,34
PEINADO,34
LEPIQUEO,34
TETTAMANTI,34
COFIAN,34
MORBAN,33
POTES,33
PEIRANO,33
COOPMAN,33
PIÑEIRO,33
ANCHICO,33
LINEROS,33
RAQUILEO,33
SOLANGE,33
MESIDOR,33
GOYES,33
MOREAU,33
LLANCAMIL,33
YOEL,33
MONTAS,33
FARIÑA,33
SERNA,33
SIVIRA,33
NOE,33
CAPELL,33
HUGUEÑO,33
GOMZ,33
MARIPANGUI,33
MUAT,33
GADAL,33
BARTUCHI,33
BLEY,33
BEÑALDO,33
ZUBICUETA,33
GAYTAN,33
UZIEDA,33
HORMOZABAL,33
MARCOS,33
MOURGES,33
CARILLO,33
ADONIS,33
GUAICO,33
QUILAUQEO,33
PERICHE,33
LLEUFO,32
CALFUCURA,32
BORGES,32
MAIGNAN,32
CURILLAN,32
QUILACAN,32
ASPEE,32
TIBURCIO,32
VARALLA,32
RAIO,32
ALEJANDRA,32
LUFIN,32
MUGA,32
LLANO,32
BRANCALES,32
IGNAIPIL,32
CHAURAN,32
BACA,32
RICO,32
MARIOK,32
CUBA,32
MOTA,32
REGUERA,32
ZULOAGA,32
SANEZ,32
VERGUDO,32
CUETO,32
VIANCOS,32
MARIANO,32
MALO,32
LAMPREA,32
ZALDUNDO,32
OLLARVES,32
WANE,32
OTAIZA,32
SULBARAN,32
CHAVARRIGA,32
HUECHUPAN,32
LACOURT,32
SUÁREZ,32
COLDEIRA,31
STEVENS,31
URQUIAGA,31
GONZZALEZ,31
TEMPINI,31
CALABRANO,31
BUSTO,31
MATA,31
ROBLETA,31
RUNCA,31
PAILLAO,31
LANDERAS,31
NARBASTA,31
ANTIHUAL,31
VERASAY,31
CLAVEAU,31
RAIHUANQUE,31
PANCHILLO,31
HUERTAS,31
OSSADON,31
CAMPINO,31
ANTEQUERA,31
MARTILLO,31
DUDAMEL,31
HUENCHUMIL,31
ROBERT,31
MOREL,31
BECK,31
CLIVIO,31
NASSER,31
ARBOLEDA,31
CHEUQUELAF,31
PILQUINAO,31
GRETCHELL,31
ASISTIRI,31
MASSICOT,31
MAZA,31
LENNY,30
FLEVARIS,30
MIQUELES,30
CANADELL,30
CHICA,30
ANTIFIL,30
FELIX,30
TRAFIÑANCO,30
ALCALA,30
CHUPE,30
HUENTEN,30
RAILAF,30
ALQUEADA,30
CUMIAN,30
PAILLALIN,30
ANTIMÁN,30
CLEMENTE,30
SELANIO,30
HUIRCAMAN,30
PIÑONES,30
ARIZMENDI,30
AVEDAÑO,30
KELLER,30
HOFFART,30
MAIDANA,30
SALCEDO,30
NAIPOLLAN,30
FERREYRA,30
PEREDO,30
MELIÑAN,30
HUARACAN,30
HUENUPIL,30
LENUNAO,30
VILLENAS,30
BOLO,30
HUAMANI,30
CAURO,30
ANCAPAN,30
MINAYA,29
CHIGUAI,29
OTINIANO,29
LOMAS,29
IBACAHE,29
ILARRAZA,29
MANQUEPAN,29
PAYLLACAN,29
JUEZ,29
NACREON,29
LINCURA,29
VERARA,29
GALANT,29
PIGUAVE,29
STEWRAT,29
IZQUIERDO,29
KOGLER,29
PAIROA,29
SALZAR,29
LLANCALUEN,29
SQUELLA,29
VICENTELO,29
CATRI,29
QUIPAYAN,29
WEVAR,29
MASBERNAT,29
SAINTCYR,29
HERNÁNDEZ,29
CURVAN,29
COLLAZOS,29
GALLI,29
ARANGUREN,29
MARTEL,29
TAMPO,29
YOUNG,28
HORTA,28
ADONES,28
TOLENTINO,28
YARAMARE,28
BALBA,28
SANTIBALEZ,28
SAINTILMA,28
COLILUAN,28
AEDA,28
TAFUR,28
DEZINORD,28
MILLAUCA,28
SANJUAN,28
PENNA,28
DEMARIA,28
CURIPAN,28
TRIBIÑO,28
ESPITIA,28
NUMBELA,28
NIVADI,28
PERNIA,28
HUICAN,28
CURIANTE,28
BALLADARES,28
QUERO,28
BORJA,28
MOLINARI,28
SOLER,28
HUARTE,28
TRAUPIL,28
TRALCAL,28
NICOLETTI,28
HUECHUQUEO,28
VALLES,28
MILLER,28
CHELMAN,28
ALVADIZ,28
SCHNEIDER,28
ARANENA,28
LANZ,27
CAVIEDES,27
ABBATE,27
PALLARES,27
LAKE,27
OYADENER,27
PHILIP,27
ARISMENDIS,27
MANCHILEO,27
BRAZON,27
URREJOLA,27
NOURDIN,27
ARCUCH,27
ROGERS,27
BEAUMONT,27
CIRIACO,27
CASTELLANOS,27
CHEUQUECOY,27
FERRE,27
ZEPHIR,27
HUENCHUMAL,27
TORRREJON,27
ROLON,27
GUENTEO,27
SULLUCHUCO,27
CODOCEDO,27
ADRIAN,27
ÑANCUMIL,27
TRAVEZ,27
BIRKELBACH,27
CLAUDE,27
REINUN,27
DIOCARES,27
QUINCHA,27
LICHTSCHEILD,27
CALZADILLA,27
CAMEJO,27
HUENCUMARIAN,27
TUNINETTI,27
CUICAS,27
CHIRIBOGA,27
FLORIAN,27
COBO,26
ESTRELLA,26
MICOLTA,26
ALMEIDA,26
CRISTOBAL,26
CANEO,26
ZOCCOLILLO,26
HUENCHO,26
PAILLAMAN,26
GRISALES,26
ALBINO,26
ASTATE,26
RENDON,26
PHILIPS,26
CAYO,26
CONSTANTINI,26
RAVEST,26
MATICORENA,26
GUIA,26
CUBILLO,26
GUSTAINSSON,26
DESIRE,26
BEROIZA,26
BENVENUTO,26
GARGIA,26
FORNERINO,26
GUERRIER,26
LASERNA,26
HERNADEZ,26
CUERO,26
HALABI,26
LOZADA,26
BEUZENBERG,26
LANDAZURI,26
TICONA,26
ANDALUZ,26
WHITE,26
ALCHAO,26
DELY,26
IRIBARREN,26
CORONEL,26
CHANQUEO,25
YBARRA,25
PENSANTES,25
CAGUADO,25
DAMIAN,25
BICHARA,25
OBRIAN,25
EPULLAN,25
CARARO,25
ROO,25
BOZA,25
ANCATEN,25
CAREÑO,25
LESS,25
URIZAR,25
CASAÑA,25
GRUNEWALDT,25
COÑOMAN,25
VINCENT,25
CAMILLA,25
OGAS,25
FILUÑIR,25
BALAGUER,25
CABONELL,25
FORRUANCA,25
ALBANEZ,25
CAIME,25
HOLGUIN,25
LAITY,25
HUINCA,25
CADILLO,25
GUALTERO,25
TRAVIESO,25
MOLINET,25
PICOL,25
KAYMALYZ,25
WILKENSON,25
MELGAREJO,25
VALLALOBOS,25
NIEVES,25
ONEL,25
VITOLA,24
HUENULAO,24
PORCEL,24
CAROCCA,24
CURITOL,24
ARRIGADA,24
MIRA,24
IDROGO,24
GUINAND,24
ALLILEF,24
DOSQUE,24
RIVADERA,24
LEITON,24
ERRAZURIZ,24
MAYE,24
COREY,24
BALLERINES,24
MONTI,24
MAYER,24
EXEARD,24
CEOPA,24
DEZIL,24
CURRILLAN,24
HUILI,24
LLANCAMAN,24
MATTEY,24
BOYER,24
GALINDEZ,24
DALIDET,24
NECULPAN,24
JIMNEZ,24
MONRO,24
RIESCO,24
CHEUQUEL,24
LYBERIA,24
FELIZ,24
VELOZ,24
RIOBO,24
LLANQUILEO,24
VILLAFANA,24
RECHIA,24
TURRYS,24
LIEN,24
ROCUANT,24
LLANQUIMAN,24
CALFULEN,24
CONEJO,24
LONCONADO,24
ESPADA,24
VALERIA,24
MOBAREC,24
VALLECILLA,23
CASTELLON,23
MILLAQUIR,23
PERINES,23
LEWENS,23
MARZAL,23
JURADO,23
MIRALLES,23
CARSALADE,23
PINDAL,23
MOY,23
BAYARD,23
HEILIG,23
PREDONORD,23
MAYOLAFQUEN,23
MONDOÑEDO,23
MADE,23
WEINBERG,23
SOFFIA,23
LOPICICH,23
ABANTO,23
CAMOUSSEIGHT,23
PRECIADO,23
BOHORQUEZ,23
CIENFUEGOS,23
PERELLO,23
MATUTE,23
RACINES,23
ESTEVEZ,23
JENO,23
ANTIPICHUN,23
COLIL,23
BIDO,23
OYANEDER,23
MARCEL,23
HUAIQUILAO,23
ANCAO,23
ROGEL,23
GARCON,23
VERDUJO,23
PUJOL,23
ASPRILLA,23
IZAGA,23
DIAS,23
SIFUENTES,23
JAIMES,23
CRUCEZ,23
OYANADEL,23
BERTULINI,22
DORVAL,22
PAILLACAR,22
HUENUAN,22
SAA,22
ICARTE,22
VILCHE,22
HUALQUIMIL,22
YAMANI,22
LEA,22
SALUCCI,22
BARBA,22
MAGALLANES,22
COÑOPAN,22
CARRASCAL,22
NAJAYA,22
PAYANINI,22
DAVIS,22
CONIPAN,22
YEPES,22
MARRERO,22
MONTESINO,22
AUCAPAN,22
NADALINI,22
BERNEDO,22
OQUENDO,22
LEVER,22
DALRYMPLE,22
BARAHONZA,22
ACHONDO,22
ZAVALETA,22
AZAÑA,22
VILUGRAN,22
WIENBERG,22
BRUNO,22
BREA,22
MINA,22
BRUN,22
REZUC,22
DROGUIER,22
MEYER,22
RHODE,22
LIMIDORO,22
HUENTECONA,22
PEDREAÑEZ,22
POPO,22
CARRO,22
MERCEDES,22
ESTEVES,22
MALIQUEO,22
SEQUERA,22
MATHURIN,22
EMMANUEL,22
AVALO,22
PAILLACOI,22
POZAS,22
PAILLAMILLA,21
LLANCO,21
CASSEUS,21
ECHEÑIQUE,21
OREJUELA,21
MIRLANDE,21
SEREI,21
DORIA,21
GALVES,21
PIÑAO,21
CARILLANCA,21
PRADA,21
CONSTANCIO,21
ANTERO,21
BENEGAS,21
MAFFARE,21
CARTA,21
LAURIS,21
ALEJO,21
LICHTSCHEIDL,21
RESTREPO,21
SERRUDO,21
TIARA,21
BACH,21
MONNTES,21
COLILLANCA,21
VILLOUTA,21
NEGRON,21
MARQUINA,21
ALCARADO,21
BARTOLO,21
ÑANCULEO,21
ESTIVAL,21
RAGUILEO,21
SANTELIA,21
CANIBILO,21
ALBAREZ,21
ESQUER,21
ESTABA,21
HOLTMANN,21
BENEVIDES,21
LERTORA,21
GOICOCHEA,21
LATIN,21
OSPINA,21
CHANDÍA,21
CARVALES,21
CALFUNAO,21
TASSARA,21
PRANAO,21
RÍOS,21
ALIANTE,21
OMAR,21
INNOCENTI,21
NUNEZ,21
CELY,21
CAVAGNOLA,21
AMESTRE,21
BRANDAU,21
THIAGO,21
KORINS,21
TIGRERA,21
PUEYES,20
UZURIAGA,20
BUELVAS,20
MIGUELETTO,20
TAITO,20
QUINTUL,20
INOLOPU,20
RUEDA,20
QUISENO,20
VENISE,20
ZEIDLER,20
OROPEZA,20
VENTURELLI,20
ALADEJO,20
BERDUGO,20
LLAFQUEN,20
CARRIZALES,20
MAGUN,20
ROSADO,20
CHACC,20
CABRITA,20
ALDERETE,20
CACHIQUE,20
BELZI,20
CANULAO,20
ASCONA,20
GUAIMARE,20
ALASTRE,20
LACROIX,20
ALOSILLA,20
GERVEUX,20
BELLOSOS,20
OCANTO,20
ANGUCHO,20
MALPU,20
BASSO,20
LEMID,20
ASALGADO,20
BARONA,20
MAZZETTI,20
RAILLARD,20
TANGARIFE,20
HUAIQUICHEO,20
COLOBON,20
CARENA,20
HUILCALEO,20
FIEROGA,20
PEREYRA,20
LLAPAPASCA,20
CAÑULEF,20
BACHOUR,20
TARISFEÑO,20
BRETIS,20
BURDILES,20
OCHAO,20
ARANGO,20
MAOYA,20
ASENJO,20
OLIVAR,20
DEVIS,20
VALOR,20
LONTUE,20
GERMAN,20
RIASCO,20
SANTACRUZ,20
INAREJO,20
NUÑES,20
PAULETE,20
TERNESIER,20
MALLANES,20
GIERKE,20
PAINE,20
BONTA,20
BERNARDIN,20
ENCISO,20
CRUZADO,20
CAPOT,20
LIELMIL,19
SILGADO,19
AUGER,19
MUNITA,19
CASHPA,19
SANGREDO,19
CUMIO,19
MACO,19
RAMADE,19
GOYA,19
GENERAL,19
ECKHARDT,19
CARABALI,19
CEDENO,19
VILLAMANDOS,19
MEDELIN,19
LINO,19
CURIHUINA,19
RUSQUE,19
CATALINA,19
MORALEZ,19
BEJAS,19
CASTELLA,19
CABAL,19
LLOYD,19
UREÑA,19
SALVA,19
RUMBO,19
CAYUMAN,19
BARCENAS,19
ARUANA,19
COÑAPI,19
CAIZO,19
ARAB,19
CADEUS,19
RETAMOSO,19
ALPINO,19
MARCELO,19
DERIVAL,19
FLANDEZ,19
CENTENO,19
AULADELL,19
CHARRIER,19
ZORRILLA,19
CAYUMIL,19
BOZT,19
SCHIAFFINO,19
GALLEGUIDOS,19
CORDEÑA,19
TERRERO,19
MAURICIO,19
VERTUS,19
HIPPOLYLE,19
PICHINGUAL,19
GRANCELLI,19
MOYETONES,19
PINEYRA,19
YEPEZ,19
LASCARRO,19
LLEBUL,19
COMULAY,19
MACHEO,19
LEVILUAN,19
VALDÉS,19
BARCAZA,19
PIÑONE,19
URZAGASTE,19
MILAN,19
BRUSTAVO,19
EXRNCE,19
SAINVIL,19
ESCUSA,19
BARRUETA,19
BIANCHI,18
ORTUBIA,18
ARCAYAGA,18
CARE,18
VALDE,18
ALEXANDRE,18
NAHUELCHE,18
PICHINAO,18
LOOR,18
MAYO,18
OROSTICA,18
BLANC,18
SANDY,18
VIDANGOSSY,18
URUETA,18
MUNDO,18
NAMONCURA,18
BALBI,18
ISACUPE,18
CARVACHE,18
CENTURION,18
CIANI,18
CEJUDO,18
GUARINO,18
INCIARTE,18
MAGNO,18
HUERFANO,18
CHINGA,18
ESPINILLO,18
Medina,18
NAUPAYANTE,18
MOLINETT,18
CALLUPAN,18
CAYUPUL,18
PARRAGUITE,18
AVILE,18
SAGAL,18
NAHUELAN,18
CARMEZA,18
LLABULEN,18
LEDESMA,18
VELESACA,18
ARISPE,18
CONDEÑA,18
GELLONA,18
COLLIHUINCA,18
GUARNIZ,18
SUPAYABE,18
LANAS,18
PAROD,18
CAÑON,18
ANDRES,18
QUILODRÁN,18
CALLUFUPAN,18
LLANQUE,18
FOITZICK,18
HUARCAYA,18
MEDRANO,18
TRIPAILAF,18
SAIZA,18
BOZZO,18
VILLERA,18
ANTIÑANCO,18
MARCIEL,18
BAMBAGUE,18
QUIMIS,18
SOIRILUS,18
ALCAZAR,18
CHIRINO,18
NAIM,18
MOROSO,18
PANGUI,18
TREPIANA,18
CENIZARIO,18
LIENDRO,18
ARAQUE,18
CALLEJAS,18
LARRAÑAGA,18
BEALS,17
FAITO,17
CAPRISTANO,17
BARNECHEA,17
OTOROLA,17
AZAR,17
ANTILEN,17
PUERTA,17
DAVIDSON,17
MOLERO,17
CURRIEL,17
SCHLANBUSH,17
TABITAUD,17
BASILIO,17
AMUNDARAY,17
CHUPILLON,17
AMAR,17
LEVIL,17
VILLAFUERTE,17
MONSERRAT,17
CRISTI,17
BARRADAS,17
ANIGNIR,17
ASCANIO,17
CHILA,17
HIGIDIO,17
QUIJANO,17
BEMMELE,17
ALAYO,17
CUAMA,17
TRIGOSO,17
TILUS,17
CORRIHUINCA,17
ASTUR,17
WENNESTRON,17
BONETTI,17
CARROZA,17
POLACO,17
OSUNA,17
CANNING,17
BRINGAS,17
MONTEZUMA,17
PORTEROS,17
VILLODAS,17
VILBREUS,17
VILLACORTA,17
SAMANIEGO,17
CHUNG,17
PACORA,17
GRILLO,17
PALM,17
RABET,17
HUENUHUEQUE,17
FLORENTINO,17
VALLEJO,17
ÑANCUAN,17
ESCRIBANO,17
CUMINAO,17
DASI,17
ORELLENA,17
YVROSE,17
ARTEGA,17
JULCA,17
TINOLO,17
LLAMIL,17
URQUEJO,17
CURRIVIL,17
REGULAR,17
MARECHAL,17
HUECHUCOY,17
DESORT,17
UREN,17
LARRAGAÑA,17
CHIROQUE,17
MELIMAPU,17
CORSO,17
LAROSE,17
OYOQUE,17
LANG,16
REBAZA,16
HUANTANGARE,16
PONTETTO,16
EUGENIA,16
LEYVA,16
BEDON,16
RUNCO,16
LINCAQUEO,16
LANDE,16
GRANADINO,16
BURNETT,16
MOHOR,16
TRASLAVIÑA,16
ARAMBURGO,16
HUAQUIPAN,16
LADERA,16
MURI,16
ORMOZABAL,16
PERUCICH,16
BARALT,16
WALTEMATH,16
UTRILLA,16
BERNAZAR,16
ISMAEL,16
GAGOS,16
ROBERTIZ,16
BRUNEL,16
NANCULEF,16
CAJALES,16
LIENDRES,16
MANDIOLA,16
BERMEDO,16
ATERCIO,16
AQUIJE,16
LAURE,16
TESSER,16
BASTERRICA,16
URIOL,16
MARIPAN,16
MORONTA,16
YULIANA,16
APOLINARIO,16
TORI,16
CUSTODIO,16
LOHANS,16
LUDEÑA,16
IMIHUALA,16
CÁCERES,16
NEVADO,16
SAINVAL,16
CAPINOA,16
PANCHILLA,16
CAMARGO,16
OLIVO,16
PAICIL,16
TASAYCO,16
MORELO,16
CORRUIDO,16
KRUGER,16
MARCO,16
CAIGUAN,16
MATURRANO,16
CARANQUI,16
NEIPAN,16
NERVAES,16
ORELL,16
CHOURIO,16
ARIADELA,16
LAYA,16
PARIASCO,16
RANTUL,16
YARES,16
GGONZALEZ,16
VARGAR,16
ECHANES,16
BALUARTE,16
MONCAYO,16
SONO,16
NATALI,16
BERMUDES,16
BARRIENTO,16
CALFIN,16
MERTILUS,16
JURE,16
PUNO,16
OLIVERO,16
ARAUS,16
TAIS,16
CAÑIO,16
JAUREGU,16
LYON,16
CURILEIN,15
ANAVALON,15
PAISIL,15
PUNOÑANCO,15
LIENCURA,15
YAJURE,15
NAZAR,15
CALPAN,15
VILLAREAL,15
LLANCAFILO,15
ACOHOLADO,15
YUNGE,15
LLAMPI,15
HUIRCALAF,15
NAHUELHUEN,15
LAUREANO,15
ALHAMBRA,15
ARNIJO,15
PULECIO,15
PARADAS,15
TERRA,15
COBARRUBIA,15
ORZOLA,15
SAE,15
OROSTEGUI,15
ROMUCHO,15
ESPINAL,15
CENOPHAT,15
ARRIATA,15
MARILAO,15
TRAFILAF,15
MAINO,15
MAERTEN,15
FUICA,15
ESTUARDO,15
HUENAN,15
GUITIAN,15
CONDE,15
QUINTUAL,15
OBON,15
SIEBALD,15
VALE,15
DAROCH,15
PRETER,15
VARA,15
TRULLEN,15
TRINITI,15
MIGUELETO,15
TRAIHUEL,15
COMICHEO,15
TERRILE,15
YUEN,15
SAVARIA,15
NIELMIL,15
NAVAREZ,15
COVA,15
XIMENES,15
CARVETTE,15
INGLES,15
VERAS,15
NEGRONT,15
ALONQUEO,15
PICART,15
RAVETLLAT,15
PIÑERO,15
INOQUEL,15
ALTAMANN,15
SOJO,15
HUMERES,15
LOVERA,15
RIVAPLATA,15
SAT,15
DIONISIO,15
YAUPI,15
LIPILAO,15
ALIU,15
LASSNIBATT,15
VEÑA,15
MONOSALVA,15
GIACONI,15
LEFIPAN,15
ROMANINI,15
RUEDAS,15
CLEVEU,14
CORBALAN,14
BEDCHAINA,14
CALVIN,14
QUITRAL,14
NOSE,14
CHIA,14
GAONA,14
NEMOCON,14
RAMONET,14
AREVALLO,14
ARMAS,14
ANNE,14
COLCHADO,14
QUININAO,14
FERNANDA,14
KROCH,14
OSORE,14
MOZOMBITE,14
HELME,14
MALAVER,14
NATTINO,14
DUMINHUAL,14
SOLO,14
DORALUS,14
LUDUEÑA,14
LOCH,14
BOLELLI,14
CALISTO,14
BUNDER,14
DARIE,14
OROTSTICA,14
NEEDHAM,14
ANNA,14
CEMELUS,14
NINACHOQUE,14
LIZASOAIN,14
NORDENFLYCHT,14
FORMONDOY,14
MONRROY,14
SAINSAUVEUR,14
STANGE,14
CAÑIZALEZ,14
TORRIANI,14
HUEQUELEF,14
QUINCHABIL,14
TAMBURINI,14
MELIHUEN,14
ESCAÑO,14
ZEA,14
HUAQUILAF,14
CHEUQUEÑIR,14
CURRUETA,14
LACOSTE,14
ORUNA,14
GUARINGA,14
ARRIETA,14
KREMAR,14
CÓRDOVA,14
JACQUES,14
LOUVIDOR,14
LINAREZ,14
HUENUCHE,14
BALAGUERA,14
LOIZA,14
JOACIUS,14
PETRUZZI,14
UYPAN,14
ANGE,14
ARREPOL,14
MAUDE,14
YEGRES,14
LUKA,14
SAAD,14
DUKMAK,14
LECHUGA,14
QUEUPAN,14
UYA,14
ALBERTO,14
OSTO,14
YORASCA,14
YUVISCA,14
GALAZAR,14
ARIA,14
TTITO,14
DUMER,14
CHALLANCA,14
CHERUBIN,14
JEUDI,14
CURRIHUINCA,14
GODOOY,14
AUGUSTIN,14
BAÑEZ,14
SUYON,14
TIMUCO,14
PALAVECINO,14
SEME,14
QUIJON,14
ARDAYA,14
NADEGE,14
PINEDO,14
HOJAS,14
SALVIAT,14
PIÑERA,14
HUAIQUIMILLA,14
HUAINQUE,14
SILVERIO,14
YAMARTE,14
CALABRAVO,14
ZOMOSA,13
BRIOSO,13
TUDE,13
ECHETO,13
GLORIA,13
MAFLA,13
VALDEVERDE,13
CHACONA,13
ALZURU,13
SANGUIÑO,13
ALBURQUERQUE,13
ALRCON,13
CHAPARRRO,13
COTAPOS,13
BARBAS,13
MILLALLANCA,13
CARRILLLO,13
SANTILME,13
QUISPILLO,13
CABERO,13
VYLES,13
JOULIEN,13
QUEUPUMIL,13
AGREDA,13
LANGERBACH,13
DOWNING,13
LLAO,13
ENRIQUES,13
OVIDIO,13
VIAFARA,13
MAZZARELLI,13
HENAO,13
DEZA,13
PORRAS,13
MERVIL,13
PADRO,13
CHAURA,13
NAVARRATE,13
LUCABECHE,13
MAGDALENA,13
BRACAMONTE,13
FLORINDA,13
VIGUE,13
PIÑATE,13
CUARTAS,13
LEQUEPI,13
MAIRA,13
MABESU,13
PICHUMILLA,13
ZAPATEL,13
CUENCA,13
SOTILLO,13
JULIEN,13
SARANAH,13
BEJARANO,13
LEIPANER,13
TRALMA,13
CISNEROS,13
LINGUEN,13
SIRA,13
BRIZZI,13
FORTUNE,13
ALMIRA,13
ROLDÁN,13
TALPAN,13
REVEROL,13
ALMONTE,13
GUTIERRES,13
GOST,13
GOURVES,13
KAEMPFER,13
FERMIN,13
REBECAL,13
FRIS,13
PICHILONCO,13
MARIÑAN,13
JONOVANOVIC,13
KREMER,13
BESOAIN,13
LENLAF,13
FAARIAS,13
QUILAPAN,13
ROSENBLETT,13
ESTRADE,13
ZAMBELLI,13
QUIRALAO,13
HUARAJARI,13
QUILIMACO,13
BAILSICH,13
RONDA,13
PRAT,13
PRETEL,13
RESTAPO,13
ESTACIO,13
REGNIMAN,13
VICIOSO,12
PALMILLA,12
MAYETN,12
ALDANA,12
LYN,12
ZAMBRA,12
URIARTE,12
APIOLAZA,12
MAGUIÑO,12
WOODIE,12
CALBILLAN,12
MARCHANDON,12
BETANCUR,12
REIDTLER,12
HUIRIQUEO,12
CANTILANA,12
BERROETA,12
YUCA,12
MILLACURA,12
PEZZUTTI,12
BERTI,12
ATEHORTUA,12
HUENQUENAN,12
PAUCAR,12
PETRES,12
LEMIRE,12
BOISIER,12
AMAGUAÑA,12
QUISBERT,12
SEARES,12
CAVERO,12
ARTHUR,12
MILLÁN,12
HORMILLA,12
BARNACHEA,12
PRETTON,12
AGELVIS,12
MARÍN,12
PEDANANTE,12
GANDUR,12
NELLI,12
DEACK,12
BRISSO,12
LECLERC,12
AZATE,12
SERRES,12
GASTELEMENDI,12
PINCHULEF,12
BELALCAZAR,12
QUIZADA,12
LANA,12
SURA,12
COUSINS,12
LAMBERG,12
BLASQUEZ,12
ALGUERNO,12
PUEL,12
ESCAREZ,12
DAYNE,12
RUGEL,12
VIEDRA,12
SYLVIA,12
MARIÑO,12
BUCH,12
MONDIGLIO,12
PANZA,12
SERVIAN,12
ANIAO,12
BAGINSKY,12
HUIRCALEO,12
GALVAN,12
CHEUQUEPAN,12
TOBIAS,12
MATHIEU,12
URZURIAGA,12
CARDOZO,12
CATALINO,12
CUERVO,12
THOMAS,12
ANTOLIN,12
EXUME,12
MATERANO,12
VALDERA,12
BELANDRIA,12
HENRIQUE,12
FRANCOISE,12
ALICIA,12
FEMENIAS,12
ANCHIL,12
FORNELLS,12
RUELA,12
TANK,12
CHERY,12
MAGUI,12
BALTAZAR,12
JAULHAC,12
QUEUPU,12
TARRES,12
HERVIA,12
VERTZ,12
CHALARCA,12
GAMBINO,12
GRAVES,12
USMA,12
JUICAS,12
HUENCHULLAN,12
HUENUFIL,12
MACHACA,12
ORFILA,12
LLAITUL,12
SELLAN,11
LANNDJINA,11
PERAL,11
BOSSI,11
GUIZA,11
CURIÑANCO,11
TRITTINI,11
MOROCHO,11
CHUME,11
BAFFREY,11
FUHRER,11
GERMAIN,11
QUIMEN,11
MANZANILLO,11
HUAYTA,11
LARRANDO,11
GUENTULLE,11
ADAOS,11
GRILLE,11
DESTIN,11
YEFI,11
HATTE,11
CABOS,11
REINA,11
LUCIEN,11
DAVALLON,11
TRANCANAO,11
GRANADA,11
PETERSON,11
CARBACHO,11
GUARCO,11
COVARRUBIA,11
MAÑON,11
ROBERTO,11
YANIN,11
PATRICE,11
ZEGARRA,11
CAYUT,11
ARBUNIC,11
LUMAN,11
ERICA,11
ANTUNEZ,11
LAFLUTE,11
QUIQUIA,11
AURA,11
IRALA,11
CUERCO,11
MELIVILO,11
CEPED,11
METAYER,11
YUTSY,11
MENAY,11
SEREÑO,11
ORIAS,11
SERON,11
NAVARETE,11
LEIVO,11
CASCO,11
GUARDALES,11
TAIPE,11
CHUQUIRUNA,11
GUILAR,11
SEREIS,11
BRISMONTIER,11
BUCHELI,11
LIVIQUEO,11
MARCA,11
PRIVET,11
BENEDETTO,11
FIGUEREDO,11
HILARIO,11
ESPECHE,11
CAHUIN,11
ATENCIO,11
CARDOSA,11
ISIDORO,11
DOVICIO,11
PILQUINAF,11
CEBRERO,11
BERNIER,11
SALOMON,11
CALVUCURA,11
JEMENEO,11
SOTODO,11
AREVALOS,11
ARTAL,11
CUSSATO,11
HOUSTON,11
ABEL,11
BIZARRO,11
SICLALY,10
AMANO,10
JAURES,10
MURIEL,10
BIEN,10
BERTRAN,10
SALVIA,10
LLEVUL,10
IBIETA,10
LOUISJEAN,10
LAYZA,10
CONTY,10
REAL,10
AYELEF,10
ESPERGUEL,10
VARGS,10
PUTPAÑE,10
GORIGOYTIA,10
MOLARES,10
CERRILLO,10
CARBAJAL,10
CHAPOÑAN,10
ALBA,10
ALEGRE,10
HUENTELAO,10
RIEN,10
SELONER,10
ELIZALDE,10
PEÑEIPIL,10
BARDINI,10
BASTÍAS,10
AUGUSTE,10
LONDOÑA,10
SALGUEIRO,10
INAIPIL,10
CUMAN,10
QUIÑINAO,10
LIPIAN,10
LEVILLAN,10
WILSON,10
CHEUQUEHUALA,10
GASCA,10
SOTHERS,10
PINAUD,10
EQUIPEN,10
PALMITO,10
CAHUANA,10
BARBATO,10
JIL,10
MARZAN,10
ANGÉLICA,10
SEIGMOREL,10
CHIQUILLO,10
SAONA,10
CUADRILLEO,10
CASASCORDERO,10
LEVILUAR,10
CHILON,10
MONTILVA,10
COÑUECAR,10
DINAS,10
CHAMPAGNE,10
SILVIA,10
MENACHO,10
TRIJILLO,10
HUAIQUIO,10
ALANA,10
FIALLOS,10
COÑOMIL,10
MELIÑIR,10
ARENAZAS,10
BAQUEDANO,10
LIMAYMANTA,10
BELTON,10
GRANDA,10
LINCOQUEO,10
ALBUJAS,10
MERILLAN,10
HUAQUIMIL,10
ODALIS,10
NAHUELQUIN,10
PENNO,10
CALBUCOY,10
SARIEGO,10
ZAMBRANA,10
HONORES,10
AVALAOS,10
PAIVA,10
GOLDMAN,10
QUIROLA,10
EXIMON,10
TARANTOLA,10
FERRANDO,10
HUECHUL,10
ROMINAUS,10
LEFIMAN,10
CHULLAMBO,10
PENDOLA,10
CASONI,10
OLMEÑO,10
MOSQUEADA,9
FRAFAN,9
UYARTE,9
PASCUAL,9
ZEVALLOS,9
ESTUPIÑAN,9
NAVES,9
LINCO,9
ARDIACA,9
REBINA,9
BRUNI,9
HANDKE,9
MURA,9
MATEOS,9
NICOLAS,9
CALERO,9
CARLIER,9
GALEAS,9
VANEGAS,9
QUIÑILEO,9
ESTAI,9
VIGON,9
ESPIÑEIRA,9
SULLON,9
NUÑONCA,9
ERICE,9
BULETRAU,9
LUCOS,9
MUNRO,9
LIEMPIAN,9
CALFUMAN,9
LUBIN,9
MILLARD,9
AYBAR,9
CLEIN,9
TETTAMONTI,9
ILIGARI,9
BORRERO,9
BACHO,9
CANDELO,9
CANGA,9
CADET,9
HUILCAMAN,9
BERT,9
CHARLEONI,9
SOSSA,9
ESCORCHA,9
NOUSAISSE,9
NARVAE,9
SANTIAGOS,9
MARCHATN,9
ROTHEN,9
BOURYSSIERES,9
ODANO,9
ILDA,9
MATAMOROS,9
CONSTANZA,9
BUGMANN,9
BATALLER,9
QUIDIANTE,9
MANOSALVA,9
NEILAF,9
GUINEZ,9
NACIMIENTO,9
HUENCHUQUIEN,9
GREGORATTI,9
HUANCA,9
JELVE,9
ORDOÑA,9
REUTER,9
MALAVE,9
AIRALDI,9
POMAR,9
MILLAHUAL,9
LUCIO,9
TERRES,9
GOITIA,9
VIGNA,9
MENENDEZ,9
TESORERO,9
CAMBLOR,9
CAYUPE,9
PLOTZ,9
PAILLAMA,9
VENTE,9
LAVANAL,9
FERNANDO,9
CODIO,9
CALVIL,9
HUAQUIÑIR,9
PINCOYA,9
LIBERON,9
MILLAHUEQUE,9
NADALES,9
SOUDRE,9
LUVECCE,9
ALDAS,9
IZARRA,9
URZÚA,9
TREUQUIL,9
LUPERDI,9
GUILARTE,9
PICHICON,9
CIESLIK,9
SANTILLAN,9
CURIQUE,9
COPOTE,9
TRUMUN,9
GABRIEL,9
ABUFAN,9
QUEUPUTRIPAI,9
ANDIAS,9
ANDULCE,9
STELT,9
LLAUCA,9
ARNEZ,9
HARTAL,9
GUEVERA,9
LABARRERA,9
CRESPIN,9
MILLAPI,9
MURO,9
SASIA,9
PINCETTI,9
SAGET,9
LIENDO,9
PADILA,9
MESTRE,9
MONDESTIN,9
MELIPIL,9
GARRET,9
CASABONNE,9
ELIANA,9
YUNQUE,9
PROBOSTE,9
SCHNAIDT,9
ANAYA,9
NARVEZ,9
RICHTER,9
VALDEBINITO,9
TORTOZA,9
SECO,9
CAÑIZARES,9
AGUIRRA,9
PUELPAN,9
OLIVAS,9
MARTICIEN,9
SUMONTE,9
NINO,9
CEPEDES,9
HCHENTUTNER,9
DACREMA,9
MEJÍA,9
KRAMM,9
PUNULEF,9
SOCORRO,9
PAREBTTI,9
PACHAY,8
HUENTELEO,8
SEMPRUM,8
ESPINIOZA,8
BOSQUEZ,8
Muñoz,8
SINISTIERRA,8
LOAYSE,8
HILAINE,8
ARDIACO,8
HUENCHUCURA,8
PEÑALILLO,8
AGAPITO,8
BALANTA,8
LLONTOP,8
ALMAZAN,8
BUCAREI,8
JOYO,8
AROZ,8
SANZ,8
MENGOYA,8
CABANIEL,8
HUAIQUILLAN,8
SEMECO,8
BEJAR,8
GOMAZ,8
GRADOS,8
CHACÓN,8
COMPERA,8
ÁLVAREZ,8
URAMIARE,8
SASSO,8
PASSI,8
MORILLA,8
TARIFEÑO,8
MANILEF,8
ANTIHUALA,8
MOISE,8
HUATUCO,8
TESSINI,8
CASTAGNOLI,8
HUEICHALEO,8
SAIEG,8
HINRICKSEN,8
EMILCAR,8
LEY,8
PICO,8
INDIO,8
MAIILEM,8
LUCAS,8
YELPI,8
LIBERISTE,8
SIN,8
MANQUI,8
CATARI,8
QUIÑONEZ,8
MAXWELL,8
CHAM,8
IDE,8
CUVI,8
BERTAS,8
BOSQUE,8
COLIAO,8
MORERA,8
BURBOA,8
ELIE,8
BOLARIN,8
TUMA,8
JOSEE,8
BAZILE,8
DELVA,8
EXULIEN,8
DUCAVO,8
CAVALLINI,8
MOSQUERIA,8
ALARCÓN,8
COLEMARES,8
SAINTH,8
RUBI,8
ASTROSA,8
DONJUAN,8
ANRIQUEZ,8
HAUSEN,8
CLAROS,8
HERMOSO,8
BANGUERA,8
CORRAL,8
LEVIPIL,8
LANDA,8
SALDEÑO,8
CAMPERO,8
HUAMANCHUCO,8
MALPICA,8
PUITA,8
SANTELIS,8
BETTANCOURT,8
AYACULA,8
BRUNETTI,8
FLOR,8
LINCAPI,8
NICOLINI,8
MAHECHA,8
OGRODNIK,8
AGUADO,8
FONTEÑO,8
GUITERREZ,8
REASCOS,8
JEIRA,8
PACHECHO,8
BAPTISTA,8
HUAIQUIL,8
CATENACCI,8
RAZIE,8
ACANTEN,8
CHIRI,8
BAZALAR,8
CACEDA,8
MALLAQUEO,8
RUMINAUS,8
GAMIER,8
REBECO,8
ANTONIA,8
RETTIG,8
COMPAYANTE,8
ERPEL,8
KATENKA,8
BOLBARAN,8
ITURBE,8
MOORE,8
ESTEVA,8
FIGUEREO,8
MORIN,8
MEQUITA,8
CATRILAF,8
BONIFACE,8
RAMIROS,8
QUIÑELEN,8
DESALUS,8
MELENDREZ,8
INSIGNARES,8
CARINAO,8
REMEDI,8
MARTINI,8
MILIVILU,8
ROTELI,7
JOCHAVA,7
ABACA,7
MESADIEU,7
ASIN,7
LLANQUI,7
MANDAMIENTO,7
SANDRETTI,7
UTZ,7
GALVANI,7
CAYULEN,7
HUILCAN,7
METSAIDA,7
TASCO,7
HOUSSARD,7
BORGHESI,7
CURIÑAO,7
ANJEL,7
LEPIL,7
ANDUEZA,7
QUI,7
POMIANO,7
CLAUDIO,7
ANENTO,7
MAVO,7
UGAZ,7
VERTILUS,7
IGNACIO,7
VERGARAY,7
ORRILLOS,7
FRANCA,7
ARRECHEA,7
CARFILAF,7
JANSSEN,7
LUEIZA,7
BILLAULT,7
SATURIO,7
ESPINEL,7
VERASTEGUI,7
JER,7
CALLUPIL,7
FACK,7
GUADO,7
BERMEO,7
GACETTE,7
LÓPEZ,7
SAPIAINIS,7
BAÑADOS,7
VIZANSKIS,7
IQUIN,7
SULCA,7
TARAZONA,7
NACER,7
BROSSARD,7
CANQUIL,7
CASTAINGS,7
APAGUEÑO,7
JUSTO,7
COLILLAN,7
PATRIA,7
INTI,7
PAMPHILE,7
QUITO,7
PENARANDA,7
GOTOPO,7
VALLENILLA,7
LERMA,7
AIROLDE,7
CASTAN,7
NATERA,7
GASC,7
LINDEROS,7
CADIN,7
STONE,7
CHILD,7
BARROSO,7
FUNETEALBA,7
MARENGO,7
INFANTES,7
ANCAR,7
ALLAIN,7
MOADNED,7
REVILLOUD,7
HUANCAS,7
STURIONE,7
BURATTI,7
FURA,7
WEITZEL,7
SAYAS,7
BART,7
EBNER,7
ARMENDARIZ,7
EULACIO,7
MONTEPEIROUS,7
SANOJA,7
JORGE,7
MARCELL,7
VILLADA,7
GOZA,7
VASCONCELLO,7
EUSTAQUIO,7
MICHAUD,7
BORREGO,7
TORTI,7
CASTELL,7
SERRATO,7
HUISA,7
GRAINDORGE,7
GHITALDO,7
HUECHUMAN,7
TROCONIS,7
BIAJO,7
CAMISA,7
TIMAURE,7
DORVIL,7
MARINA,7
CERAN,7
ORELIEN,7
TRAMANIL,7
LANDETA,7
LEFIAN,7
MONDESIR,7
SUPANTA,7
JAN,7
LEVICURA,7
MUTIS,7
ANGELINI,7
BADILLO,7
THERANAME,7
BALAN,7
NOEL,7
ROWETS,7
CUEVA,7
VOAZEM,7
ANTIPEI,7
MOCARRO,7
MANJARREZ,7
ARAANGUIZ,7
VILAZA,7
valenzuela,7
PAINILLA,7
CHOTA,7
BREMER,7
CHEUQUEPILO,7
CERVANTES,7
RIDA,7
VALDOVINO,7
GIMEN,7
ATOCHE,7
PEROZA,7
CENTURUM,7
CUBILLLOS,7
LIÑAN,7
HUENCHUAN,7
FIGUEIRA,7
STHIALAIRE,7
CARMEN,7
OGANDO,7
ANTIMAN,7
BENCHEMANN,7
GEORGES,7
YNFANTES,7
ARZA,7
ARANGUEZ,7
JACQUE,7
NANCOPIL,7
MILLAFIL,7
PALENCIA,7
HERIDIA,7
CHIMA,7
PODEA,7
ESPERGUEZ,7
LAZARRO,7
VILLIVAR,7
COBARRUBIAS,6
AID,6
TTAMAÑA,6
MARONSKY,6
AHLSTRÖM,6
AÑEZ,6
HEUNCHUAL,6
FUNEZ,6
PAILLALAO,6
VERONICA,6
MELLICO,6
OCANDO,6
ARANGUE,6
BETANCES,6
BERNARDI,6
CODERCH,6
BARDALES,6
VIEYRA,6
CALLUQUEO,6
CAMPILLAY,6
SANTANDREA,6
UGARTO,6
CAUTRE,6
GORIGOTIA,6
MORY,6
PICHILEN,6
MELILLANCA,6
SOLBARAN,6
SAUCEDO,6
BULLONES,6
FRESIA,6
ROJHAS,6
BRADANOVICH,6
CUMANA,6
HAUNQUIL,6
BRICEÑOS,6
FAGERSTROM,6
CARIÑE,6
ABARCIA,6
MORELL,6
CATRIN,6
ALAMO,6
DEUZA,6
YLMA,6
LIBREL,6
VELISTIS,6
LEVIS,6
YOTSUMOTO,6
CELESTIN,6
BELMONTE,6
MARGAS,6
MENE,6
PIÑUELO,6
CALFIÑIR,6
ANNUNZIATA,6
VALDOVINOS,6
BARAURE,6
ANGUITA,6
SANGUINETTI,6
SOIZA,6
BLOCH,6
MERRY,6
PICHIPIL,6
MANQUEO,6
MECHAN,6
CARILAF,6
UMMA,6
ASCOS,6
VIVALLOS,6
MICHENA,6
NEGRIN,6
AUVELEZ,6
HUINCHAQUEO,6
CALDAS,6
GALVARINO,6
DESIR,6
ORBEGOSO,6
TEILLERY,6
TOGNARELLI,6
BOUCHARD,6
LLEMPI,6
PORTAL,6
MAUQUE,6
GLAUS,6
AUVERT,6
CANEIRO,6
ESTELA,6
VALIENTE,6
LIZARRAGA,6
CHICAO,6
GONGORA,6
ELLIS,6
MARTILIEN,6
WEWAR,6
LAREZ,6
PANDURO,6
MESES,6
COLIPI,6
CHEN,6
ADROVES,6
BAO,6
LEFIO,6
CONOEPAN,6
PINNA,6
VEDIA,6
PUELLO,6
AMPAI,6
SASSARINI,6
URE,6
YGUARAN,6
ORUE,6
LANCELLOTI,6
GRRAUD,6
MENSIAS,6
LAU,6
NOCHES,6
CHEVEZ,6
LACERNA,6
INOCENTT,6
PLAZAS,6
LEVIÑIR,6
BERBESY,6
ÑAGUI,6
GOTA,6
IZABACHE,6
SARASTI,6
BISCARRA,6
HUECHAO,6
MARVAL,6
CHICLOTE,6
TOMALA,6
ABURTOS,6
KOCZAN,6
BELLORIN,6
BALAZAR,6
LUMBRERA,6
MORTON,6
BRANBLEY,6
COY,6
COLGUE,6
RANDO,6
CHUMPITAZ,6
SARRIA,6
SANTI,6
IZAGUIRRE,6
OLORTEGUI,6
HERRRERA,6
RIMAYCUNA,6
ARLEY,6
CARHUANAMBO,6
CLADERON,6
CANTILLANO,6
NORD,6
COTIN,6
RAVANAL,6
MALLQUE,6
AYANCAN,6
HERRAZ,6
YOVERA,6
GODOI,6
ASPRINA,6
TERRONES,6
CESAIRE,6
GIOVANETTI,6
KASENDRA,6
VILLANELO,6
PEDRAHITA,6
DAGUERRE,6
VULCA,6
MUNOZ,6
MATHEWS,6
ZARRICUETA,6
AGUILUZ,6
CASACOMBA,6
BRETTI,6
ZAPATEIRO,6
PICHICONA,6
HUITRAIQUEO,6
CARIMAN,6
SPADY,6
NILIAN,6
ROGGERO,6
CALBUN,6
CARRANCIO,6
MELGAJERO,6
ASPE,6
VILLAMAN,6
OBERTO,6
ALARCE,6
PATIRRO,6
ANDERSON,6
PRUSS,6
IPUANA,6
FRANCIQUE,6
HUAIQUIPAN,6
DOMINIQUE,6
BERROA,6
CASACHAGUA,6
LLEVENES,5
POLLINI,5
BOTARRO,5
OUBRIZ,5
MALVOA,5
ADRIANZEN,5
GRACIANO,5
CONDORI,5
TORQUIS,5
CHERILUS,5
RUPALLAN,5
CALAHORRANO,5
ORTEIZA,5
Correa,5
SEGETH,5
GARRO,5
MORON,5
ANZOLA,5
CANIFRU,5
SUAZA,5
EQUIZ,5
VALIN,5
VINET,5
HUENULAF,5
ALCADE,5
SIEVEN,5
CABREJOS,5
QUINCHAO,5
CUZ,5
CORBARI,5
RENEDI,5
NARBONA,5
LLAITUQUEO,5
RAILAO,5
MORO,5
LINCOÑIR,5
BERTOLI,5
DOBROVIC,5
PISCOYA,5
OTTH,5
ALBANESE,5
ALCAIDE,5
TROYA,5
ARAVIA,5
QUENA,5
LOO,5
MIERES,5
REVILLAR,5
HUAITIAO,5
SESSAREGO,5
ROQUEZ,5
NAHUELCURA,5
FRIT,5
TURPO,5
BARTRA,5
TARDON,5
FALCHETTI,5
VILLAMAR,5
COLMENA,5
ALEJOS,5
BAZO,5
MOLINES,5
ORDONEZ,5
RUMINAO,5
BEAUVAIS,5
GRANADOS,5
HUENCHUHUAL,5
DESHOMMES,5
VICTORIA,5
JAURIAT,5
UTIRRIAGA,5
HUAQUIVIL,5
CUBIDES,5
MUNAYCO,5
MORCHIO,5
LENIS,5
CARRIO,5
BENALCAZAR,5
ARNEDO,5
CHANAME,5
PARIONA,5
CHAMBLAS,5
MILLAHUAN,5
ORTA,5
PLAISIVAL,5
RUMAY,5
STEPHANIE,5
DOUDRIK,5
Gonzalez,5
SOLARIS,5
OSSORES,5
CAYULEF,5
CURICO,5
PARODI,5
TROCHEZ,5
MANAUT,5
MALQUI,5
ELZO,5
RAUQUE,5
LOGAN,5
MONTEGRO,5
RETATAMLES,5
HUSEIN,5
LEMUNAO,5
PUAS,5
MONSALVA,5
GLADYS,5
CANELON,5
LUHR,5
MECHEA,5
SOFIA,5
JASMIN,5
CESAR,5
BEQUMONT,5
GERRA,5
MALEVILLE,5
THIBEAU,5
MORANTE,5
ALTUE,5
NOLAN,5
FARFAL,5
RUJANO,5
TANCHIVA,5
MODESIR,5
OSTOS,5
WEISSE,5
VILLALONGA,5
ROSALE,5
HUENAO,5
OLEART,5
ZAUZICH,5
toro,5
SPRING,5
RUPAYAN,5
CUITIÑO,5
CURIBANCO,5
DIOSES,5
JAMILET,5
PEGUEROLES,5
HUENCHALLAM,5
HUARACHI,5
MEUS,5
CAMPILLO,5
SUITT,5
PROAÑO,5
VELANDIA,5
PANOZO,5
CALIXTO,5
PETRAGLIA,5
EFISIO,5
VILLASANA,5
METHELUS,5
GRUESO,5
CORITICO,5
AVELINO,5
CURRIL,5
ENSIGNIA,5
HUILPAN,5
TRESKOW,5
CATRINAO,5
BAYONA,5
ÑANCUQUEO,5
ALCIDE,5
KINDERMANN,5
CALEB,5
HERCULES,5
PAINEVIL,5
SALOMO,5
MOSCADA,5
TIHUEL,5
ESTIVERNE,5
GUI,5
NARCELLES,5
LEZCANO,5
INZULZA,5
LEPILAF,5
OSINAGA,5
CANIULEF,5
FUENTELABA,5
RIQULEME,5
HINOJOZA,5
MANRIQUE,5
HECHAVARRIA,5
FORTUNATTI,5
CANUI,5
BELLEVUE,5
JUNCO,5
CHIRITO,5
USECHE,5
FERRUFINO,5
VELIS,5
LORETO,5
AURILUS,5
DARLY,5
RUCALOF,5
CONFALONE,5
MORCHINO,5
REUMAI,5
CABRERAS,5
ROSERO,5
CURAQUEO,5
MUZIOTTI,5
HANEAUX,5
ANGELIZA,5
CERF,5
ALVARRAN,5
BETANCOURTH,5
SANON,5
QUEUPE,5
CRISTIA,5
SAMARA,5
DOVEN,5
NAHUELFIL,5
MARCELLUS,5
JOACHIN,5
RIVERAS,5
PEDRASA,5
MONTAÑEZ,5
MALGAREJO,5
SEIN,5
FRIOL,5
THERMITUS,5
LONGONI,5
ARROS,5
ARZUZA,5
SCHAAF,5
AYOVI,5
BONELLI,5
MILA,5
YANKIL,5
MARENCO,5
LAVEZZI,5
GUAIQUIANTE,5
ANDARSIA,5
ARISTICH,5
CHENCHE,5
GALUE,5
MAES,4
ARNTZ,4
TAMARA,4
TARODO,4
BESSERER,4
CANTINO,4
CALFUÑANCO,4
CUNEDA,4
LEVANO,4
ÑANCUFIL,4
CHAVES,4
POCATERRA,4
BAKHIT,4
MARCOLETA,4
JAIME,4
CURI,4
ADARA,4
MARQUI,4
MAHNCKE,4
TASCON,4
CELANT,4
ALAMAZAN,4
HUENMIR,4
TENAZOA,4
GUERT,4
LAGUNA,4
DAMANES,4
MERIFIL,4
GUARAPANA,4
SENIOR,4
AGRAMONTE,4
NAXA,4
BURIEL,4
ESPIDONOLA,4
CUNDUMI,4
GUIDOTI,4
MITACC,4
AZUAJE,4
SIMPHAT,4
SABALLA,4
MAIZ,4
NUDELMAN,4
BIONDI,4
OLEGUI,4
TRINIDAD,4
HERTE,4
QUINTRUQUEO,4
PARRAGA,4
ARO,4
PAINEMAN,4
SANDREA,4
BORJAS,4
CRUZADA,4
ABOYOGBACHIMBA,4
TEAN,4
ARTURO,4
PETRA,4
LIZARRGA,4
DURAND,4
MARTI,4
VIZCARRA,4
WANDA,4
CARTAYA,4
MUTINELL,4
LOUISSANT,4
OYANADER,4
PARATORE,4
MONTESINOS,4
MELIL,4
HENCO,4
CARIO,4
ARGEL,4
JAMES,4
KIKLIKIAN,4
BECKMANN,4
ZEBALLOS,4
LADINES,4
DOMENECH,4
DESANTIAGO,4
ALECOY,4
QUIÑENAO,4
LLABRES,4
CABA,4
FLORE,4
PALMEIRO,4
SALAZ,4
GUY,4
VALLEN,4
poblete,4
CAÑEZ,4
MASSLIN,4
ALCANTAR,4
MARIHUEN,4
GUINASI,4
BLAU,4
RUDOLPH,4
AQUINAO,4
PISSANI,4
MAFFUD,4
QUILOBRAN,4
DORSIN,4
EDITH,4
SCHMIDTCHEN,4
POSADA,4
RODULFO,4
SOLEDAD,4
ANCAIL,4
CHAPORRO,4
ALLER,4
FANANDE,4
AMPUDIA,4
CAMPOSANO,4
CORDDOVA,4
MICHEL,4
CHARITE,4
NOLLAS,4
ITE,4
CHIN,4
ACHONG,4
VEZZA,4
URRUTA,4
ZARO,4
BORBALAN,4
CINTOLESI,4
LISBOA,4
KARINA,4
LESTRADE,4
LUPALLANTE,4
FUENETS,4
HUACCHA,4
GUEITULLE,4
PIÑANCO,4
IMIGUALA,4
PRANDO,4
JILBERTO,4
NARCISO,4
BILCHES,4
JABRE,4
UCHASARA,4
NECOCHEA,4
ORBESO,4
ESCAIDA,4
VARGA,4
QUILAMAN,4
DOENITZ,4
ANCEL,4
BETAONCOURT,4
SANGRONIZ,4
MARDONADO,4
SLIER,4
TOLEDANO,4
BENAIN,4
GERLINE,4
ESÍNOZA,4
ARAUNA,4
NATA,4
TECANAO,4
LLAITEN,4
MALLET,4
DELATORRE,4
MARIPANE,4
CARECEDO,4
CARRIZALEZ,4
RENTERIA,4
PINAGUA,4
CURIMAN,4
CASTAEDA,4
MAJERLIN,4
MOLLO,4
AGUIAR,4
LAZARENO,4
CAMILLE,4
WAGHORN,4
TIBISAY,4
MARCHETTI,4
VAQUINACION,4
PATRICIA,4
NACCHA,4
ATINAO,4
ETURA,4
ORIAN,4
ADELINA,4
CORNEJEROS,4
ESCORIHUELA,4
TRANMALEO,4
TUQUERRES,4
OTAMENDI,4
MACHEL,4
GUARIN,4
DIEGO,4
RAUSEO,4
YEFFI,4
SAILIRUS,4
DUCCI,4
AMETLLER,4
CHINCHAY,4
TITITO,4
FANNETTE,4
CRUNCH,4
PALQUILLANCA,4
VILUÑIR,4
ADRIANZA,4
TRANGOLAF,4
FARJE,4
LEGER,4
CARIPAN,4
TIZNADO,4
BETACOURT,4
SOLAS,4
PIUTRILLAN,4
DUMIHUAL,4
STOCKLE,4
TARRAS,4
MAGUERRE,4
RAIGOZA,4
CURINA,4
PERDIGON,4
ABUD,4
YANEZ,4
WILL,4
FACONDI,4
BORRELL,4
VIÑAS,4
DESVARIEUX,4
UTEAU,4
NETTE,4
LEFILLANCA,4
WOLF,4
ORIHUELA,4
BALAUTA,4
CANDELARIO,4
BAXTER,4
ÑIRRIMAN,4
meneses,4
DIEGUEZ,4
HEROLD,4
PUJADO,4
HUILITRARO,4
VAHAMONDEZ,4
CATIN,4
CASIANO,4
MIGUELLETO,4
BONOLDE,4
BRIICEÑO,4
CHALEN,4
MILLALONCO,4
HERMIDA,4
HUYTA,4
ANTIHULA,4
FAGUNDEZ,4
CATERINO,4
KUSCHEK,4
CARIHUINCA,4
HELQUI,4
TARRAFF,4
ASTORINO,4
BALMACEDA,4
MONZON,4
ZABALETA,4
LIMPAY,4
ESPARRAGOZA,4
JOSEHF,4
MARIAGA,4
ESTELUS,4
ACEVAL,4
HOFER,4
BASUARE,4
CUNIO,4
GERDY,4
NAKARI,4
GREGORINA,4
HUATI,4
AMILUS,4
DEVOZ,4
MANZANARES,4
MONTERROSA,4
POLAR,4
FONTT,4
RUSAKOC,4
LIANG,4
SOTELDO,4
SALCES,4
BONE,4
MANANES,4
CIFRAS,4
NABY,4
SIESQUEN,4
KERU,4
OGUSUKO,4
ARJONA,4
CARAMO,4
LAGREZE,4
MARY,4
ARONI,4
PIZAN,4
TORRICO,4
DAYANA,4
JIMENES,4
ALVARES,4
VILLAVIZAR,4
DUGARTE,4
HERESMAN,4
FAINTILMA,4
JHON,4
LEBRON,4
BOLZA,4
GALAN,4
FARARDO,4
ZANELLA,4
BRANTT,4
PASTORA,4
CARNERO,4
GIIMON,4
ARAS,4
TOMOCHE,4
VILLAFÑE,4
ABARULLO,4
PASTRIAN,4
ONTRERAS,4
STAY,4
MONDOL,4
LAZIN,4
PARIS,4
CUZMAN,4
RAVELO,4
EGUIZABAL,4
BENIFACIO,4
SUMARON,4
MARCHAN,4
CHILCA,4
ALCARRA,4
RON,4
YERLIN,4
FARAJ,4
BURGOA,4
MOSTACERO,4
IGANCIA,4
LUCCE,4
ANAMPA,4
KUNNAP,4
FELIS,4
GUERLINE,4
BARREIRO,4
JAMAI,4
BLANCHETEAU,4
ELERA,4
MOSESEVA,4
LERZUNDI,4
CANCHA,4
EVANS,4
TUMBAJULCA,4
PELLIZARI,4
PICARDO,4
CALVACHE,4
MANQUEPILLAN,4
RAINAO,4
BASABE,3
PIRELI,3
PILQUIL,3
PUELLES,3
GARECA,3
DEMOSTHENE,3
ASTO,3
JERVE,3
MARTINO,3
HUILCAL,3
QUERALES,3
ORTEZA,3
HILL,3
villegas,3
JOSÉ,3
CHAÑILAO,3
SAAB,3
LEYER,3
AGULERA,3
CAÑIULEF,3
ANDRE,3
MILLAQUIPAY,3
GRANFER,3
QUILERAN,3
CEREÑO,3
LEFINAO,3
IRULAO,3
CECILIA,3
GURTIERREZ,3
MEDINAS,3
ASENCIOS,3
BERNUY,3
BARRAGAN,3
GUMERE,3
HUAIQUIMAN,3
CHEU,3
MONCLAIRE,3
FLORENCE,3
BARA,3
ANGELO,3
CAPURO,3
BERENDSEN,3
GALICIA,3
CIVALERO,3
YASELGA,3
RISIO,3
ALLENDEZ,3
LISSETE,3
CRISTINA,3
KATALEYA,3
QUICHIZ,3
LEEN,3
DREYER,3
JOFRÉ,3
JALIL,3
DOTTE,3
IDARRAGA,3
BENUCCI,3
GUERRERI,3
PARIGUINA,3
LOSSADA,3
JACO,3
BAÑAMEZ,3
ABIUSO,3
RIOFRIO,3
POSARRI,3
Sandoval,3
REGALADO,3
CATRIELLO,3
ANJARI,3
PRAXEDES,3
ÑONTOL,3
SABELL,3
IRENE,3
IKA,3
NEICULEO,3
EPINOZA,3
JADELL,3
PICHIHUECHE,3
CALIZAYA,3
BERRIDO,3
PARI,3
SERMO,3
TILLEMAN,3
MELLIN,3
GISSELLE,3
ANGELES,3
JENA,3
DONNAY,3
CARIMA,3
KAUDER,3
ECHEGOVIA,3
CARAPAM,3
MELENDRES,3
ASPARZA,3
CAMA,3
LLANCAMIN,3
ALBIÑA,3
HUAYAMAVE,3
IMBACHI,3
CHIZA,3
PAÑEFIEL,3
GOLDSACK,3
MOISES,3
MUNIZAGA,3
EGOAUIL,3
MAURE,3
LAURA,3
GRUNA,3
PARENTI,3
CAIGUA,3
NAVRRO,3
MOLLENHAUER,3
FABRIGA,3
LICANAN,3
LANOY,3
MILLAQUE,3
MACHACAN,3
SANDRA,3
ESTEVE,3
MALVOISIN,3
ILAZARRA,3
PFANNSCHMIDT,3
CAMACARO,3
GARCIAL,3
DELOUIS,3
TRAÑAMIL,3
ESCANDELA,3
MELLAFE,3
PREDEROS,3
VIGUERA,3
SORIEGO,3
MONNELUS,3
SIMEON,3
CUEROS,3
FORTUNA,3
BALDERAS,3
INDA,3
CARIPILLAN,3
TABORDA,3
CONGA,3
CARRUYO,3
PALOMERAS,3
PAITA,3
LOMBARDO,3
NOREÑA,3
TRAMOLAO,3
GOSE,3
SEGEL,3
HORIAS,3
YUING,3
LIBERATO,3
SEIJAS,3
ELIQUITAY,3
GORTARI,3
CHEVIN,3
KOLLAR,3
LEVILLÁN,3
CADEÑO,3
THEOPHILE,3
DISSI,3
ZACARIAS,3
SOLOGUREN,3
MERUBIA,3
AZCARATE,3
SAUCENKO,3
MELIO,3
KOCH,3
VILUS,3
GALLOSA,3
QUIRINOS,3
PLACENCIO,3
HUIMAN,3
BANABARRE,3
ELOI,3
TORRELLAS,3
NIQUIN,3
OLAZABAL,3
MONAGO,3
GONZALÉZ,3
MAURI,3
MONTANER,3
GRATERAL,3
MATEUS,3
MIKERLANGE,3
RAGA,3
MORLOY,3
CABASCANGO,3
RAYMUNDO,3
GODOYS,3
QUINCHE,3
LEFICURA,3
MAYTA,3
REUMAY,3
JULES,3
VELLAIZAC,3
MARILEF,3
MARCHAT,3
ZUNIGA,3
CAZAL,3
BAURLE,3
BALTIERRA,3
HUICHALAO,3
ELLEN,3
MYRTHA,3
NELO,3
CARIUPAN,3
HAILLA,3
DEHN,3
DOSSETTI,3
POTOSI,3
TRISTA,3
ARIAZA,3
CEVALLOZ,3
GUADALUPE,3
MONIQUE,3
SALDARRIAGA,3
ELIGENE,3
ALDUNATE,3
NEVENS,3
LIMARI,3
ANCHORENA,3
VENTO,3
PARA,3
PICHUNHUAL,3
HONORATO,3
ANCACOY,3
PREADEL,3
MONTANERES,3
BARAÑAO,3
CASONES,3
LATAPIAT,3
CHAFIC,3
ILLAPUMA,3
PULGARES,3
KAUNE,3
ILABACA,3
MARILLÁN,3
PIVCEVIC,3
MUENA,3
GOTERA,3
DOS,3
BAUDEN,3
YLLA,3
TUA,3
GUENANTE,3
TURIEL,3
LOBATON,3
SEPUVEDA,3
ANTELIZ,3
CANTERO,3
CECI,3
LIENAN,3
VIERAS,3
PEIREIRA,3
YATACO,3
MILANCA,3
TALAMILLO,3
PINILLO,3
BOMBAL,3
SUCRE,3
BARRERAS,3
LALAND,3
CANCHANI,3
ANOZIER,3
MIÑOPE,3
MARAVI,3
CEJAS,3
ABASTO,3
SIGNE,3
AHUAMADA,3
SCHUNCH,3
HUEICHAQUEO,3
PIÑAS,3
CELHOMME,3
CUMIHUAL,3
TRINITY,3
SOLINE,3
MULFORD,3
CHICO,3
PANIURA,3
EVANGELISTA,3
PARISCA,3
OLDAY,3
DOR,3
EPILEF,3
MILO,3
PAULIAC,3
CAMPAÑA,3
STEPHIE,3
ANABALAN,3
JUCHASARA,3
NEICUL,3
COSOCEO,3
NIETCHMANN,3
PIZZA,3
HUALQUIL,3
MEJILLONES,3
OSTOJA,3
LLEWELING,3
LATHAM,3
DORT,3
ANCALAO,3
ORELLANO,3
QUEREVALU,3
VINES,3
MACHADA,3
HUENTRO,3
APULLANCA,3
SOLON,3
ASMAT,3
MARCUMAN,3
OMAÑE,3
UCETA,3
NOVELLA,3
ARAPOB,3
WOLFF,3
ALBAYAY,3
SARA,3
ITURRIAFA,3
NOMELI,3
STEPHANY,3
PILCO,3
SAINTRAIL,3
ROSEMINE,3
VERENZUELA,3
ASCARATE,3
MAKIYAMA,3
CANBDIA,3
PEDROZA,3
BENDON,3
LISTER,3
LATI,3
VITRERAS,3
LELLI,3
THERESIAS,3
EUSTACHE,3
PAVON,3
TICLIAHUANCA,3
POBLTE,3
GANOZZI,3
BERAIZA,3
JOROBA,3
PEÑAN,3
BALLENA,3
MARTELUS,3
ECHAVARRIA,3
MARCUÑEZ,3
PIÑALEO,3
ALFONSO,3
ATALAYA,3
FRUCTUOSO,3
FONTECILLA,3
ENCARNACIÓN,3
YANJARI,3
THERESE,3
QUILA,3
TROCONIZ,3
ANIÑIR,3
AGUSTO,3
FREITEZ,3
MONEGRO,3
JUIPA,3
BARRERO,3
GRANADILLO,3
CASIERRA,3
LAVERIANO,3
PRINCIPI,3
TOREES,3
VILLOSLADA,3
GUARNIZO,3
VARDINE,3
YUPANQUI,3
BELLAISAAC,3
PANSETTI,3
BONIFACIO,3
PRELLE,3
ARVELO,3
CHING,3
NORCA,3
OSOREZ,3
GUAYAPI,3
PILCOL,3
COBEÑAS,3
TILLERIAS,3
COLL,3
CHILO,3
ALVALOS,3
BUSTILLO,3
FERRERIA,3
HERVIAS,3
PIZARRP,3
LOBO,3
RIESCOS,3
ALPAY,3
LETRANZ,3
ZARHI,3
LEDERMAN,3
ZERPA,3
MATRINEZ,3
DARRONSORO,3
ULCO,3
SEQUEIROS,3
TREUQUE,3
CHAUG,3
NITSCHEKE,3
FRANCE,3
WEISKORN,3
CALFUEN,3
MARIPIL,3
TRAILLANCA,3
CARRASCA,3
BRESCHI,3
COSTES,3
QASEN,3
ZAMUDIO,3
BUNOT,3
SERPULVEDA,3
ALBILDO,3
GAYOZO,3
CARCAMAN,3
CONQUISTA,3
CAMPAZ,3
HUAIQUIMPAN,3
BERTHA,3
AGREDO,3
HUENTEL,3
ÑANCHUQUEO,3
AWERKIN,3
MARIBUR,3
FERIAS,3
FOR,3
GUERLANDE,3
ESTALIEN,3
PORTOCARRERO,3
LEMA,3
CHINQUINQUIRA,3
SERRA,3
BRETON,3
HUENUPE,3
TAPULLIMA,3
GIORGI,3
IRARRAZAVAL,3
AREL,3
RENGEL,3
HOLSTERNS,3
CUQUILIN,3
PARIANA,3
CORCINO,3
PAULISCAT,3
AYENAO,3
CHIPANA,3
LUBI,3
PIA,3
VARRERA,3
YANQUI,3
CAPACHO,3
CONSTANTE,3
VILLASMIL,3
TORNERIA,3
CLANSSEN,3
SAMBRANO,3
MARTINEA,3
CORMILLUNI,3
PAULSEN,3
ARRAIGADA,3
COUSIÑO,3
TEMPO,3
CALLO,3
MANJARRES,2
LAMARRE,2
BARRENECHEA,2
COTIART,2
MEDE,2
ÑANCUPAN,2
RINCONES,2
COLCAS,2
REINALDO,2
GONNZALES,2
CADICHON,2
TELUSMA,2
FLEURISME,2
REZA,2
LINCANQUEO,2
ALLEN,2
LACRUZ,2
SUFRONT,2
rivera,2
PERERA,2
MUSSA,2
MENARD,2
CAMARO,2
CAMAUCEO,2
NORMIL,2
CARIHUAL,2
ALINDOR,2
CHAZEAN,2
ERNEST,2
SABA,2
BERROSPI,2
MONTRONE,2
BAZLE,2
GUARENAS,2
ORELLAN,2
CALLURUCA,2
DAMKE,2
LECTOR,2
LESCANO,2
PERALINO,2
VIÑA,2
MANQUIÑIR,2
LAUTARO,2
IZETA,2
RUSSO,2
HUICHALAF,2
MARAGAÑO,2
ROSENFELD,2
BRICES,2
MILLAVIL,2
DELGADILLO,2
ESPERANZA,2
BELESTIN,2
ARBELAEZ,2
ARRAJO,2
SACHOUTE,2
ANN,2
PISANO,2
CELORIO,2
SAMILLA,2
FUNENZON,2
RIVASPLATA,2
TARICEÑO,2
SARROCHI,2
DOSANTOS,2
VISQUEL,2
López,2
VILASAO,2
CHAPONAN,2
CHEPE,2
PANEZ,2
MATHEY,2
FISCHER,2
ZAMBON,2
VILLAN,2
SERPA,2
CUANTINDOY,2
OLIVIA,2
CHAIMA,2
CLEGER,2
VELARDE,2
TILLERO,2
PICHUNLAF,2
FERREL,2
DROLETT,2
tovar,2
TALABERA,2
ISAMI,2
CANCEC,2
ANUEL,2
PICON,2
HORNA,2
RENCORET,2
ROMÁN,2
MACHACÓN,2
INOZTROZA,2
URDENETA,2
GASCON,2
YANQUIN,2
GALLEJOS,2
ZUÑIGO,2
ESNAOLA,2
GRAUZ,2
LANTAÑO,2
RUBILER,2
VILANOVA,2
ALCEDO,2
SCHRADER,2
CRISTOPHER,2
ANCAPI,2
ROMANO,2
MADRIAGAL,2
CHAHUA,2
SALDIBIA,2
CATRIBIL,2
GERNA,2
RONDANELLI,2
COLICAY,2
LUNDI,2
AOCORRO,2
SINOVCIC,2
GIURIA,2
CURRIN,2
TAYLOR,2
DELGARDO,2
MAVARES,2
LEÓN,2
MILENKA,2
BRICE,2
REBEROL,2
GARA,2
CURIHUENTRO,2
DAN,2
BUSTAMANETE,2
SCAFF,2
NESTAREZ,2
BRELO,2
SUBIABRE,2
SANTANDES,2
DEPABLOS,2
TAZA,2
TARIS,2
NIZAMA,2
ZOCON,2
CLARO,2
SEGOBIA,2
BUERLE,2
JEROME,2
VIREL,2
FELLAY,2
LABBER,2
PAILLACOY,2
MADEL,2
BLETT,2
LOIRA,2
LOTINA,2
ALIGADA,2
LEVIPAN,2
SAID,2
FERRERA,2
CAPEDA,2
AMAGUAY,2
RIO,2
SERYE,2
ROSARIO,2
BERRERA,2
FUETES,2
GRAUS,2
DABUENA,2
CEVERINO,2
EGUENIA,2
SEIGNOVREL,2
ARAÑO,2
CORVALÁN,2
ATENCIA,2
VINUEZA,2
CAVACHO,2
BAPTISTE,2
MUZENMAYER,2
ECHEVERRI,2
CHADIA,2
AVRIL,2
PAILAYA,2
DUPRAT,2
ANTICONA,2
DELPERO,2
BAZELAIS,2
HOLMER,2
SANCHES,2
RECABARRREN,2
MARTINEAU,2
OLLANEDEL,2
CHIHUALLAN,2
CUMARE,2
HUANQUI,2
COPELLI,2
SEVERICHE,2
OSANDON,2
CHEUQUENAO,2
LUNDY,2
Escobar,2
Faray,2
Ayala,2
NOROÑO,2
TROMILEN,2
CHERIZER,2
HORNOS,2
HENRRIQUEZ,2
CHOCANO,2
RODRIGO,2
RANIREZ,2
GUELCE,2
INYEICO,2
CUICA,2
COTRI,2
JAVIER,2
TATABA,2
TORDECILLA,2
CHUNGA,2
CANIPAN,2
OCAÑA,2
DURÁN,2
PAREJO,2
LILIAT,2
SISO,2
GIMENO,2
NETO,2
CAMPODONICO,2
ALERCE,2
MARIQUEZ,2
ANSIETA,2
INIMA,2
YUSTI,2
CARBONELL,2
TRABOL,2
PRVOSTE,2
ZALAZAR,2
HUENCHUVIL,2
LAMEDA,2
LLANQUIHUEN,2
ULYSSE,2
MERILEO,2
ALEGRIAS,2
LEAÑOS,2
PEÑATE,2
ESPINOZSA,2
THERAMENE,2
CAMBAR,2
FAICHIN,2
LEZAMA,2
DUDOMER,2
TANTALEAN,2
VERONA,2
LISSADE,2
QUIJETE,2
PAILLAMIL,2
PETIGA,2
BALDERA,2
QUINCHO,2
SMOK,2
NORE,2
TAYUPE,2
garrido,2
CORCUERA,2
JAUNEAUD,2
HIZA,2
GONZLEZ,2
LUERA,2
ARNADU,2
THERMIDOR,2
MELIAN,2
ANTIQUERA,2
LLORET,2
JACQUELIN,2
ALPARA,2
MONDINO,2
PAJARITO,2
BLANCA,2
ALIPIO,2
MONTILLO,2
CALDERA,2
LEDEZMA,2
NAICUL,2
BRUNELLA,2
ATENEO,2
OBAID,2
SOCIAS,2
LEUFUMAN,2
BELTRÁN,2
TRAVERSO,2
GADEA,2
VONGIERKE,2
GUILLIEN,2
GUALLO,2
DELMORAL,2
LONCOPAN,2
CERRA,2
MICANOR,2
MAYANES,2
ZELEME,2
BARNAIN,2
CARDEÑA,2
MARICUA,2
LEVIMAN,2
CHIHUAILLAN,2
TABOADA,2
BUILES,2
LLAURE,2
PASQUOT,2
LOSIEN,2
GLAVES,2
ESPONOZA,2
JACINTO,2
GAMONAL,2
BUDIN,2
ARISTILDE,2
YDRIOGO,2
YDROIGO,2
BALZA,2
GARBARINO,2
ANIHUAL,2
CUE,2
MELLO,2
ANTIPAN,2
GRACIELA,2
ROTHMUND,2
EXCELLENT,2
FRANCOVICH,2
LIZARDA,2
CORTINA,2
STEENLIYSON,2
MONZANT,2
ZURBARON,2
HOVEL,2
FERROLOZA,2
FRANKE,2
URQUIOLA,2
CHUMBIMUNI,2
AVILEZ,2
YSLA,2
NECULHUEGUE,2
APPOLON,2
SOCAS,2
FODOAS,2
DYLAN,2
RATTIA,2
SILVERA,2
CAMPBELL,2
BUSTAMENTE,2
CAYLLAHUA,2
SANI,2
MARIGUAL,2
PABON,2
PAJUELO,2
PASCO,2
MARRESE,2
MALLQUI,2
PACOMPIA,2
SIRPIA,2
BALVORAN,2
HOUSSET,2
RUDENCINDO,2
EKMEIRO,2
CHARRIS,2
VALECILLO,2
SALVARIS,2
MOLIFQUENO,2
MASCARO,2
PASSO,2
Vasquez,1
CASANA,1
STENGER,1
DEGAYSA,1
MELA,1
HUILCAPAN,1
VIVES,1
VERONICO,1
JEANS,1
VEJEGA,1
fernandez,1
JALCA,1
LOYO,1
FACCIO,1
LLAMOZAS,1
LUNCUMILLA,1
Lepicheo,1
CARDOZA,1
HERREDA,1
REIL,1
RACHEL,1
GERONIMO,1
BERNECHEA,1
SANDOR,1
VOLTA,1
ROBLE,1
BALCUCHO,1
FERRUCINO,1
FONG,1
CARPO,1
BETANKURTH,1
BAUDIN,1
BALTODANO,1
CORREDOR,1
COLIPO,1
CALFUI,1
IGAYMAN,1
ARANGUIBEL,1
HUETE,1
PAU,1
QUEDENAO,1
RONDARELLI,1
MANCERA,1
CANIQUEO,1
COHEN,1
MOTECINO,1
REVEQUEO,1
MEJÍAS,1
RAMONES,1
CONTERAS,1
CERRUTI,1
SEDANO,1
GUARANDA,1
NOGUE,1
PORTUGUEZ,1
PETKOVIC,1
ECHANDIA,1
ARRANGUIZ,1
ZUÑOGA,1
ROLANDO,1
CHABLA,1
PAYACAN,1
GORLITZ,1
ORTES,1
CLARIN,1
FOLCH,1
BETANZO,1
GALLO,1
ALANOKA,1
AREAS,1
BAÑAREZ,1
MOLINARE,1
PRINCIPAL,1
CELAN,1
PURRAN,1
CISNERO,1
HUAIQUIMIL,1
PASTAZ,1
ANTIPAÑA,1
AGURRE,1
NACULQUEO,1
PRADERAS,1
SELIS,1
OCAREZ,1
COPETE,1
SIEVEKING,1
COLE,1
BURTON,1
CIRO,1
CALBIO,1
FILUM,1
MANQUEHUAL,1
PASCAL,1
ROWLANDS,1
GARABITOS,1
MANASSE,1
TRIAPE,1
BANEGAS,1
LAPIERRE,1
CAREÑÑO,1
HUIDOBRO,1
GUDAL,1
ÑAÑEZ,1
GUARRAO,1
IRIS,1
DESAUGUSTE,1
MUAPE,1
UZUA,1
TOSAYCO,1
ANTIMIL,1
PAILLAPE,1
GAVINO,1
GUIMON,1
FLORIDOR,1
ANCAMILLA,1
FERNÁNDEZ,1
GELDRES,1
HUECHAQUEO,1
BARRUEL,1
CARROZ,1
AGUASTIN,1
CURICAL,1
EGEA,1
MOLIN,1
AQUIÑO,1
BUTEAN,1
GAMARDO,1
VALDENGRO,1
MENCO,1
CHAPAÑAN,1
VALLADORES,1
LAGUADO,1
MONTORY,1
MIGUELES,1
TORNACO,1
GRANADO,1
QUINTREL,1
JOINS,1
CHAMANA,1
VERAGUA,1
DEMETRIO,1
TRAIQUE,1
VERDDUGO,1
CHACALTANA,1
MAMPIS,1
TOLMO,1
PASAPERO,1
FLOREZ,1
ZOLA,1
COCIO,1
GRAMMERLORR,1
MORICE,1
ECHEVERIA,1
NAHUELCOY,1
ANTIGUAL,1
CUADRADO,1
CIVILO,1
LOAYA,1
EVARISTI,1
HITSCHFELD,1
PARON,1
Orrego,1
CHIRÑOS,1
ROCERO,1
FROILAN,1
ARRUNATEGUI,1
VIZCANO,1
LAUTERE,1
RAMISTELA,1
GATEROL,1
PETICAT,1
CASANELLAS,1
MADRIAGA,1
PAVELICH,1
MELEAN,1
LAURENCIO,1
ANWANDTEE,1
CHEINQUEÑIR,1
LUCA,1
PICHINHUAL,1
ORDOÑES,1
CLAUDEVILLE,1
YAN,1
BUQUEÑO,1
GUIMARAES,1
DAMIER,1
BLANCOS,1
CAHUASA,1
NAIPAN,1
SAUCEDA,1
AYACADI,1
LIMAS,1
DOUGLAS,1
LLANQUILEF,1
VIGUERAS,1
FERRINI,1
GRIL,1
BACHMAN,1
HINCAPIE,1
DOMIC,1
PINCHETTE,1
CATRICHEO,1
YELOR,1
MARCOTTI,1
VERASTGUI,1
CAUSARANO,1
SEDAN,1
CHARME,1
COROBO,1
GUELFI,1
PILAR,1
INOJOZA,1
CORVAJAL,1
AMADOR,1
BOADA,1
COO,1
VITON,1
JELDES,1
CHEUQUEMAN,1
DORIVAL,1
RISEO,1
HUIRCAPN,1
URQUETA,1
TRASLAVIA,1
GIOVANNETI,1
GAYOSO,1
CHANCA,1
COLOMBINO,1
BELKERBACH,1
URILAO,1
LOVISE,1
HUENUÑIR,1
CACHI,1
ECHAGUE,1
CASIQUE,1
HOYOS,1
ARODI,1
OBER,1
PINCHI,1
CURIHUNCA,1
CALCULAF,1
YACU,1
BULLON,1
DIP,1
CAPDEVILLA,1
CATRICURA,1
MANRIN,1
PARRALES,1
VENECIA,1
CARIQUE,1
FICO,1
ANTILAO,1
QUIPALLAN,1
QUINTUN,1
ESTEBAN,1
GIANNATTASIO,1
TORIS,1
PARAPAINO,1
FARRUFINO,1
JATIB,1
SUDY,1
PICHIÑUAL,1
BORGEAUD,1
DUVE,1
MADUEÑOS,1
DAVIA,1
PARMA,1
ALAVE,1
CHURAVY,1
MURRUAGA,1
TREQUEN,1
OCADA,1
PEÑAFIEL,1
HUEÑIR,1
BENTI,1
MADONADO,1
HUENCHÚN,1
SANT,1
MARIFILO,1
WINLO,1
BENITO,1
MALIO,1
URGUIETA,1
CORRERO,1
VALCAZAR,1
VIRULAO,1
FACUSE,1
HUENCHE,1
CURILEN,1
RELUS,1
MARGUES,1
MASSIEL,1
MAIMIE,1
BOST,1
BOSQUES,1
IBERO,1
GUANILO,1
ENGEL,1
CONTARDP,1
BETZHOLD,1
CASELLA,1
DUBOST,1
FAGARDO,1
NAPA,1
BRIZZO,1
RESPETERO,1
BINDIS,1
HUENTEMIL,1
JABALQUINTO,1
MARURI,1
NARANAJO,1
BPAVEZ,1
WEI,1
ECHEVERRY,1
PATUELLI,1
PELAY,1
VIZUETA,1
ARAO,1
HUEVAS,1
GARAI,1
MORLES,1
TANTAJULCA,1
COLLADO,1
CORDOZA,1
MERCIE,1
MATER,1
MEROLECH,1
GABILAN,1
MONARDEZ,1
ABBOTT,1
HUENCHUCAL,1
POZADA,1
RIQUELEM,1
NAPOLEON,1
COLAN,1
AUDIA,1
MEZZANO,1
LUJANO,1
MAYANCHI,1
PISTIL,1
ANTINANCO,1
MARCIALES,1
CESARD,1
MUNDACA,1
JUANICO,1
ETCHEVERRY,1
QUELIN,1
RUMINUT,1
MAZURETT,1
GEITE,1
LEO,1
