2,count
GONZALEZ,35771
MUÑOZ,30091
DIAZ,18964
ROJAS,17888
PEREZ,16698
SOTO,15370
MORALES,14385
LOPEZ,14118
FUENTES,13393
FLORES,13153
SANCHEZ,12277
SILVA,11173
HERNANDEZ,10918
CONTRERAS,10887
VASQUEZ,10863
RAMIREZ,10838
RODRIGUEZ,10762
SEPULVEDA,10448
MARTINEZ,10357
VALENZUELA,10336
ESPINOZA,10136
ALVAREZ,9622
TORRES,8917
CASTRO,8878
VARGAS,8814
REYES,8699
MOLINA,8601
NUÑEZ,8597
GUTIERREZ,8589
CARRASCO,8162
GARCIA,8097
ROMERO,7794
ARAYA,7753
FIGUEROA,7579
GOMEZ,7327
CASTILLO,7271
JARA,7114
ORELLANA,7014
MIRANDA,7012
TAPIA,6937
FERNANDEZ,6335
CAMPOS,6236
HERRERA,5918
ZUÑIGA,5729
LEIVA,5642
SALAZAR,5623
SAAVEDRA,5587
MORENO,5569
LAGOS,5552
NAVARRO,5458
PARRA,5440
VALDES,5343
ESCOBAR,5335
VERGARA,5315
ARAVENA,5306
BUSTOS,5301
POBLETE,5249
SALINAS,5128
BRAVO,5119
GUZMAN,5077
RIQUELME,5003
ORTEGA,4967
PEÑA,4934
CORTES,4829
DONOSO,4724
GODOY,4670
FARIAS,4649
YAÑEZ,4571
SANDOVAL,4550
CATALAN,4510
ALARCON,4496
CALDERON,4458
RIVERA,4427
VERA,4357
OSORIO,4216
BURGOS,4018
ORTIZ,4007
CERDA,3993
VIDAL,3973
GARRIDO,3972
JIMENEZ,3927
CORNEJO,3921
ACUÑA,3886
VEGA,3855
CARDENAS,3837
INOSTROZA,3830
TORO,3811
RIVAS,3719
SAEZ,3716
AGUILERA,3670
BARRERA,3644
ACEVEDO,3644
TRONCOSO,3600
PALMA,3597
CACERES,3582
NAVARRETE,3526
MORA,3471
ALVARADO,3348
TOLEDO,3293
QUEZADA,3259
OLIVARES,3229
HENRIQUEZ,3227
RUIZ,3183
PACHECO,3133
SALAS,3123
MEZA,3115
PAVEZ,3090
RUBIO,3078
CORREA,3055
AVILA,3054
MEDINA,3054
LEON,3054
MOYA,3028
GALVEZ,3006
PINO,2984
MALDONADO,2977
SAN,2977
RIOS,2966
HIDALGO,2964
MARIN,2957
LARA,2938
PINTO,2936
GATICA,2886
GUAJARDO,2883
REBOLLEDO,2839
IBARRA,2830
CARVAJAL,2821
PAREDES,2812
ARRIAGADA,2811
SANTIBAÑEZ,2769
GALLARDO,2748
PONCE,2729
GUERRERO,2683
CHAVEZ,2661
CUEVAS,2650
SANHUEZA,2646
PIZARRO,2636
RIVEROS,2611
PARDO,2602
ASTUDILLO,2594
DUARTE,2591
VELASQUEZ,2555
RAMOS,2547
ARANCIBIA,2523
ZAPATA,2521
AGUILAR,2514
ARIAS,2491
DURAN,2486
FUENTEALBA,2438
VILCHES,2368
GUERRA,2363
SOLIS,2357
CABRERA,2341
BUSTAMANTE,2341
MENDEZ,2340
LOBOS,2332
PLAZA,2278
ALFARO,2230
ROMAN,2222
MARTIN,2219
RETAMAL,2204
LASTARRIA,2200
MARDONES,2195
VENEGAS,2191
GAMBOA,2163
PERALTA,2148
CANALES,2148
CARREÑO,2145
COFRE,2123
JOFRE,2122
JORQUERA,2121
CRUZ,2108
CABELLO,2105
ULLOA,2094
HORMAZABAL,2075
DELGADO,2066
ROSALES,2000
QUIROZ,1943
GONZALES,1928
LEYTON,1924
BARRIA,1921
URZUA,1908
VILLEGAS,1897
ADASME,1891
MANRIQUEZ,1881
HUERTA,1878
MELLA,1870
ASTORGA,1865
OLGUIN,1840
ZAMORANO,1837
OJEDA,1830
LIZAMA,1821
AVENDAÑO,1811
GAETE,1804
MANCILLA,1769
BRICEÑO,1761
MADRID,1760
VELIZ,1754
FERRADA,1750
OPAZO,1738
CIFUENTES,1735
ZAMBRANO,1712
HURTADO,1702
SUAREZ,1698
ZAMORA,1691
GALAZ,1660
VIVANCO,1655
CESPEDES,1645
BARRA,1643
MARCHANT,1643
ALBORNOZ,1618
BECERRA,1613
BOBADILLA,1606
VALDEBENITO,1602
TOBAR,1540
CONCHA,1529
RETAMALES,1522
URRUTIA,1507
VALENCIA,1496
PEREIRA,1495
ANDRADE,1494
ELGUETA,1492
OYARZUN,1491
JEREZ,1486
ARELLANO,1481
AHUMADA,1474
VILLALOBOS,1472
GAJARDO,1470
PARADA,1462
ARANGUIZ,1460
BRIONES,1453
OYARZO,1453
MATURANA,1450
JARAMILLO,1449
ESTAY,1440
VALDIVIA,1438
CORTEZ,1431
URRA,1423
NEIRA,1412
MENA,1411
CORDOVA,1408
CID,1404
VALLEJOS,1404
MENESES,1394
MENDOZA,1393
RUZ,1387
ARENAS,1387
CASTAÑEDA,1362
RUBILAR,1343
SEGUEL,1342
AGUIRRE,1339
CORDERO,1329
ROBLES,1312
LABRA,1312
OYARCE,1299
AREVALO,1289
ACOSTA,1287
ABARCA,1276
SALGADO,1275
PARRAGUEZ,1262
PADILLA,1262
URIBE,1259
SANTANDER,1259
ARCE,1258
QUINTANA,1257
MEJIAS,1242
MELLADO,1233
PUGA,1232
PINCHEIRA,1216
OSSES,1205
MORAGA,1177
CANDIA,1172
BARRIOS,1166
BAEZA,1152
AYALA,1149
CARO,1142
VILLANUEVA,1139
MARAMBIO,1130
CAVIERES,1127
TRUJILLO,1119
CANCINO,1110
BERNAL,1108
CABEZAS,1098
ESCALONA,1091
FIERRO,1086
BELTRAN,1081
CHEPILLO,1079
CISTERNAS,1077
MARQUEZ,1073
CISTERNA,1072
SANTANA,1066
BAHAMONDES,1064
MACHUCA,1048
VILLARROEL,1047
DINAMARCA,1043
PEZOA,1041
LUZA,1040
LASTRA,1040
BLANCO,1026
SUAZO,1022
ARMIJO,1019
CANTILLANA,1013
HERMOSILLA,1012
TOLOSA,1011
ROLDAN,1009
MAULEN,1007
SERRANO,1007
MONTERO,1006
BARRIGA,1003
FUENZALIDA,1003
VALDERRAMA,996
HUILLÍN,994
BASCUÑAN,990
AGUAYO,990
BELLO,987
AMAYA,979
CARRILLO,977
VILLA,976
VILLAGRA,974
GUEVARA,974
CEA,967
COLMENARES,962
DEL,957
BENITEZ,954
NORAMBUENA,951
VALLADARES,949
FAUNDEZ,949
BERRIOS,945
SOTELO,945
SALDIAS,930
GARCES,930
PALACIOS,929
AVALOS,928
SIGUENZA,926
CARRERA,926
GALLEGUILLOS,924
ANABALON,918
GRANDON,914
VERDUGO,907
ZAVALA,907
SOBARZO,904
IBAÑEZ,898
BARRIENTOS,897
ISLA,897
BARAHONA,892
BENAVIDES,891
IBACETA,885
RIASCOS,884
COLLAO,884
CARTES,876
PASTEN,872
ECHEVERRIA,868
ARROYO,866
OTAROLA,863
MONTENEGRO,860
BASTIAS,860
LEAL,860
ABACACHE,860
VIDELA,858
URBINA,858
BARRAZA,854
VARAS,843
MANSILLA,842
ARANEDA,836
NAHUELPI,831
BRITO,819
MONSALVE,819
VICENCIO,815
MATAMALA,813
HEREDIA,806
DOMINGUEZ,798
BAEZ,795
CARMONA,790
MONTECINOS,785
ROMO,784
RIVADENEIRA,781
ALCAINO,779
GOLDEMBERG,775
ARREDONDO,771
HUEQUEMAN,756
CARCAMO,752
PUEBLA,746
CEBALLOS,742
LLANCALEO,741
OVALLE,739
ROA,738
VILLABLANCA,734
NOVOA,734
ARGOMEDO,733
MALLEA,732
NARANJO,729
AVILES,724
CHANDIA,723
RIGO,723
CORONADO,714
MANZO,712
CASANOVA,709
OSSANDON,708
MERIÑO,706
LOYOLA,705
ARRAÑO,705
MIÑO,703
PRADO,697
FARFAN,694
OLAVE,692
MONTOYA,692
ROCHA,691
PULGAR,691
ZARATE,691
CADENAS,690
VILLAGRAN,685
OBREQUE,682
VALLE,680
AEDO,679
MOSCOSO,677
BODALEO,669
CHAVARRIA,667
ORDENES,665
ALLENDES,663
RIVERO,662
VEJAR,660
SANTIS,659
LANDEROS,655
ALEGRIA,654
SANTOS,653
PAUL,652
SALVO,651
MERINO,651
MATUS,647
PLACENCIO,641
TAMAYO,641
ALLENDE,640
ESPINA,638
ARAOS,637
ORREGO,637
QUINTEROS,637
RIFFO,634
QUILODRAN,626
VILLAVICENCIO,626
ALIAGA,624
CAYUQUEO,624
POZAS,623
HUINCA,622
ZURITA,619
URETA,619
LUNA,617
GARAY,616
ERICES,615
ORMEÑO,612
BUGUEÑO,611
PIÑA,610
BARROS,609
ABRIGO,607
OLIVA,603
PEÑALOZA,603
BACHO,602
BREVIS,602
MELO,602
TEMPINI,599
OLATE,598
MILLAR,596
MELIMAN,595
CARTAGENA,591
BRUNA,587
BOUFFANAIS,583
JAQUE,583
CAJAS,580
PEREDO,575
MORAN,562
LILLO,558
QUIJADA,558
PINILLA,557
CUBILLOS,555
GALDAMES,549
NAHUELHUEN,548
ALMONACID,548
JUAN,548
CONSTANZO,547
AMIGO,547
TEJO,546
TIRADO,545
UGARTE,541
PRADENAS,541
CARTER,540
BORQUEZ,539
LLANCAPAN,539
ROZAS,538
HUG,536
POZO,536
BENJUMENA,536
FICA,532
VARELA,531
FERREIRA,528
QUIÑONES,526
QUIROGA,524
LIZANA,520
MAXY,517
CHACON,517
CALFIN,513
LETELIER,513
COÑA,512
NARVAEZ,510
BERMUDEZ,509
LIEN,506
MILIEN,502
CHAMORRO,501
LEVIPIL,499
LOAYZA,497
PIMENTEL,494
SALAMANCA,494
DEVIA,491
PEÑAILILLO,491
LINARES,488
LABRIN,488
OROZCO,485
MADARIAGA,484
CATALDO,484
WATHRICH,483
SAGREDO,483
LABBE,483
DROGUETT,483
HINOJOSA,482
GALLEGO,482
DAZA,480
LOZADA,480
CARILAO,480
QUINTERO,477
ORTIZAGA,475
LAGUNAS,474
JUNOY,473
COLIQUEO,472
ZUMELZU,471
MELENDEZ,470
ITURRA,467
SEREY,466
POLANCO,465
JEAN,465
PIÑEIRO,464
LEMPI,464
IBACACHE,463
PIERRE,460
VELASCO,460
BELMAR,460
PAINEMIL,458
ESPARZA,457
REBECO,456
GRILLET,455
LOUIS,455
NEGRETE,451
MATELUNA,451
TOLOZA,449
SALDAÑA,448
LARRAIN,448
CARICEDO,447
LAZO,446
MILLAN,444
PAILLACAN,443
CORVALAN,440
HALL,438
VIGUERA,437
ESPEJO,436
CARMEN,433
AGURTO,432
ÑANCUPIL,431
ZEPEDA,431
BEIZA,431
JOSEPH,431
IGLESIAS,430
ARANDA,425
ASTETE,424
NAMUNCURA,422
UZABEAGA,421
CONEJEROS,420
ROSAS,420
OBANDO,418
ALVEAL,418
MONTANARES,417
LEMUNAO,416
AROS,415
ALCALDE,415
OLEA,411
CABEZA,410
ASENCIO,410
MONCADA,409
REVECO,408
MELIPILLAN,408
BADILLA,408
TUDELA,408
OÑATE,407
MENARES,406
GALLEGOS,406
MOYANO,406
CAMUS,406
NECULAN,404
MADOZ,404
FALLARD,401
LUCERO,401
GALARCE,400
CARROZZA,399
MARIPAN,397
FRANCOIS,395
CURIN,395
MOSQUERA,395
HIGUERA,395
CABALLERO,394
OLIVOS,394
HUAMAN,393
BALBOA,393
NAVEA,393
SEBASTIANI,393
LIEMPI,393
ROCO,392
CALFUQUEO,387
PINEDA,387
VELOSO,386
VILLAR,386
MEDALLA,385
ORMAZABAL,385
AZOCAR,385
CALQUIN,382
VERDEJO,381
ARNEZ,381
LAGUNA,381
LARENAS,380
UBILLA,379
ANTUNEZ,378
CELEDON,376
ENCINA,374
ANTILLANCA,374
ARAUS,373
SEGOVIA,372
MELIN,370
CAROCA,369
ESCUDERO,369
ALTAMIRANO,369
LIRA,368
SULBARAN,367
ARRIAZA,367
QUINTANILLA,367
SARIEGO,366
MOREIRA,366
LLANOS,365
MARCANO,363
ASCUY,362
APABLAZA,361
ALMENDRAS,360
CAUTIVO,359
ARCOS,359
JAÑA,358
ARAUJO,356
VEAS,356
BALLESTEROS,354
OLMOS,353
PRADEL,352
JELDES,351
LLANCA,351
PRIETO,350
BASCUR,350
MALOS,348
ANTINAO,347
PITRIQUEO,347
VILLASECA,346
COLLIO,346
BUENO,345
PAINE,345
ESTRADA,344
CAQUILPAN,344
CELIS,344
CUADRA,343
CARRIZO,343
MONDACA,342
CHARLES,341
PUNOL,340
OLAVARRIA,339
FRIAS,339
ALBIÑA,338
GORMAZ,337
MERCADO,337
MALUENDA,337
CERPA,336
ZENTENO,334
OPORTO,333
ARCILA,333
VIVEROS,333
RIOSECO,333
PALLANTE,333
ESCARATE,332
REYNOSO,332
PASTENE,332
VICTORIO,330
ACEITUNO,328
GAVILAN,328
HUAIQUIÑIR,326
BETANCOURT,326
MESIAS,325
SOLANO,324
CASAS,324
HUAIQUIMILLA,324
LAJE,323
NIRRIAN,323
CHAUCONO,323
TIZNADO,323
VILCHEZ,322
VALDOVINOS,322
MATAMBA,322
HUENUL,322
BASUALTO,321
ERAZO,320
GARNICA,319
LAMATTA,317
ANTIVIL,316
DUQUE,315
RENGEL,314
BANDA,311
LLEUFO,310
MUJICA,310
CUERVO,310
VILLAROEL,308
CARVACHO,307
VOLLRATH,306
CORRAL,305
COLINA,304
LORCA,304
MURILLO,303
CUARTAS,301
SORIA,301
MAZA,301
ESTEFANIA,300
INDO,300
CRUCES,299
SEVILLANO,298
PUELPAN,298
JURE,297
MERA,296
AVILÉS,296
NILO,296
FREITAS,294
SANZANA,294
ARRUE,294
ESCOBEDO,293
ANRIQUEZ,293
PAEZ,293
JAHNSEN,293
GUAIQUE,290
INZUNZA,290
TENORIO,289
URRIOLA,289
ARIN,289
YEVENES,287
VALDEZ,287
BUCH,287
CAYUPAN,287
LEFIMAN,286
ESPINOSA,283
CESPED,283
HENAO,283
SALFATE,283
ESPINEL,283
LEPILLAN,282
ROGERS,282
MARIQUEO,282
DAMIS,281
ABURTO,281
URDANETA,281
HORTA,281
ÑANCUAN,280
PRETTON,280
CATRILEF,280
ITURRIAGA,280
LATORRE,278
MARABOLI,277
COLLINAO,277
BANDES,277
MONROY,276
OGAZ,276
CERECEDA,276
POZA,276
LECAROS,275
SEVILLA,274
MAUREIRA,273
QUEVEDO,272
BOZA,271
INÑINLAO,270
ZABALA,270
DUCHENS,269
PAZ,269
FONTT,269
TINEO,268
UMAÑA,266
PATIÑO,265
SANABRIA,265
NOCIREL,265
ANTIHUALA,264
MONTES,263
VALERIO,263
LLANCO,262
OCAMPO,261
NAVIA,259
CAMPUSANO,259
AGUDELO,259
BOZT,258
SEGURA,258
CARES,256
HUENUBIL,255
OTEIZA,255
PILQUIMAN,254
FREDES,253
MANRRIQUE,251
RAPIMIN,250
MAIRA,250
MACAYA,250
QUINTULEM,250
MEDEL,249
COTTET,249
HUILCAN,248
BARRALES,248
SERRA,247
CASTELLANOS,247
MAURA,246
HEVIA,246
HUECHUN,246
CONEJERA,245
MARTE,245
TRONOSO,245
PASTOR,243
OLMEDO,243
MALLAT,243
RINCON,243
BIZAMA,242
CLERICI,241
AGUILA,241
LEVICOY,239
SARAVIA,238
LINDARTE,237
PAJARITO,237
GRANADO,237
FUENMAYOR,237
OROPEZA,236
MOLL,236
CANGANA,236
ARROS,234
JULIO,234
LEAÑEZ,234
CATEJO,233
TOVAR,233
CERON,233
ESCALANTE,233
HEREVIA,233
FARIÑA,233
AZUA,232
TORREALBA,232
OSES,231
GACITUA,231
ALVEAR,231
ANGULO,231
OCHOA,230
ANTILEO,230
ALVIAL,230
VILLALON,230
PALACIO,229
INFANTE,229
HUENTECURA,229
MONTAÑO,228
MUNDACA,227
ASCENCIO,227
DOVERI,227
MORGADO,226
MORILLO,226
RAILEF,226
MONTECINO,225
ALMARZA,225
BARRETO,225
SANTAMARIA,225
RAIN,225
ARBOLEDA,224
PINOCHET,223
SORIANO,223
LANTAÑO,223
JEMENCIO,222
ARTEAGA,222
ÁVILA,222
TELLO,221
CARDONNE,221
VIELMA,221
BASAURE,221
CONNELL,220
TABORGA,220
JADAD,219
CANO,219
OCANTO,219
BETANCUR,219
IBACAHE,218
RENCORET,218
COÑUENAO,218
ORDOÑEZ,218
GREZ,217
PAIVA,217
QUEUPUMIL,217
CRESPO,215
ROCUANT,215
VALDENEGRO,214
AMESTICA,213
LEVIN,212
MOREL,212
RIFO,212
BARRUETA,212
VALDERAS,211
BASTIDAS,211
MAYORGA,210
CHAURA,209
MILLAO,209
ANCAVIL,208
CANTO,208
ALCAMAN,208
TRIPAÑAN,206
CARVALLO,206
QUERALES,205
LAFUENTE,204
ILABACA,204
CAVIEDES,203
JERIA,202
CATRINAO,202
HUENCUÑIR,202
FONT,202
LINEROS,202
TROMINEL,201
LEFIMIL,201
OVIEDO,201
COLORADO,200
ALISTE,200
ISLAS,200
NAHUEL,199
FRANCO,199
ASCORRA,199
LINCOFIL,198
SAENZ,197
SAGUES,197
OLIVEROS,197
PALOMINOS,197
HUENCHO,196
BOCIO,196
SINISTERRA,196
CRISOSTOMO,196
IRIARTE,195
UBEDA,194
MARILEO,194
CATRILEO,191
GUARDA,191
GIL,191
BONILLA,191
LORA,191
URREA,191
HUECHACONA,190
RUEDENLINGER,190
HUAIQUIN,190
NAIN,190
GONGORA,189
PALOMINO,189
GAMARRA,189
MILLA,188
MOLINARI,188
PRADA,188
ARCAYA,188
ZAGAL,188
ISIDOR,188
RAVEST,187
SANTIAGO,187
PRESSER,186
CAULLAN,186
CAÑIZAREZ,186
LLANTEN,186
KASS,186
LEZANA,185
SAYAGO,184
RECABARREN,184
ZAMBRA,184
MAFLA,184
FONSECA,183
QUISPE,183
EPUL,183
HUANQUIL,183
PUÑANCO,182
LANDERO,182
CURIÑANCA,182
LORR,182
CARRANZA,181
URTUBIA,181
HUILCALEO,181
CARIAGA,181
COCHAY,181
ÑANCO,181
BERMEDO,180
PAILACURA,180
LAZCANO,180
FUNES,179
NICOLICH,179
NELFUI,179
VILLENA,179
CADIZ,179
HUILIPAN,178
ESCAREZ,178
GARATE,178
BUELVAS,177
LUENGO,177
FILUN,177
PINOL,177
LUARTE,176
LEPILEO,176
LUAN,176
JAIME,176
JOPIA,176
CEPEDA,175
ANTILEF,174
LONCONAO,174
REINOSO,174
LONDOÑO,173
VILLACURA,173
MANQUECERA,173
BAUTISTA,173
REDON,173
DIP,173
CHIHUAICURA,172
VILLASMIL,172
SAINTILME,172
PILAR,172
VALVERDE,172
AVELLO,172
BALCAZAR,171
SARRIA,171
COCQ,169
DÍAZ,169
MESA,169
ANCAMIL,169
FURICOYAN,169
NANCO,169
CALFULEN,169
VILLAMANDOS,168
SOTOMAYOR,168
SOZA,168
REQUEJO,167
HUENULEF,167
MARICAN,167
LLANCAO,167
MUGGIOLI,167
LABARCA,167
LIENQUEO,167
VELOZO,167
PAILLALEF,167
LAVIN,166
CANQUIL,166
CAÑUPAN,165
ABARZUA,165
HUENCHUN,165
IRARRAZABAL,164
GORDILLO,164
GUTIERRES,164
HUENTEO,164
LOGAN,163
CURIQUEO,163
ACHURRA,163
RUPALLAN,163
INAY,162
MUNITA,162
CORREDOR,161
FABIO,161
AGUERO,161
ILLESCA,161
OCORO,161
HUENUQUEO,160
MARILAF,160
NIETO,160
MANQUEAN,160
POLO,159
PAINEN,159
BOLARIN,158
MONTEZA,158
AMPUERO,158
GURRERO,156
BRACHO,156
HERESMAN,156
TARIFEÑO,156
CERNA,156
VIAL,155
PASTRIAN,155
WILSON,155
SOLAR,154
CANIVILO,154
VICENT,154
RIO,153
SARMIENTO,153
CURIHUINCA,153
COLIL,153
PAILLAO,152
CAMACARO,152
LONCON,152
NAHUELPAN,152
RAPIMAN,152
GANA,151
ESPINDOLA,151
ALCANTARA,151
QUILAQUEO,151
OCAYO,150
BARRUETO,150
VAQUERIZA,150
MATOS,150
GRAZO,150
ALBARRAN,150
GALIANO,149
CANIO,149
POVEDA,149
VELARDE,149
COLI,148
ZALAZAR,148
LUGO,148
SELLAO,148
LEPE,148
GIRON,147
GUEDEZ,147
MONTALBA,146
SIMON,146
BOLIVAR,146
CAYUL,146
MACIAS,145
IMILMAQUI,145
MILLANAO,145
TRANAMIL,145
PALOMERA,145
ROTHMUND,145
DONOSOS,145
AMESTOY,144
HUENUMILLA,144
VINETT,144
CADIN,143
UPEGUI,143
TRIPAYAN,143
SEVERINO,143
EGAÑA,143
CRUZADO,142
TRIVAÑO,142
INOJOSA,142
QUINCHAGUAL,142
ALCAIDE,142
CHEUQUEÑANCO,142
ALIANTE,142
RENTERIA,141
GANZUR,141
ITURRIETA,141
ARTEMONTT,141
LOAIZA,141
COLIPE,140
APONTE,140
CONEJERO,140
HUENTELAO,140
SALVATIERRA,140
UGALDE,140
LLANCAFIL,140
MILLALEN,139
COLLUPIL,139
RAUQUE,138
COUCH,138
GONZÁLEZ,138
RIVADERA,138
NON,137
CONTARDO,137
VINES,137
OYARTE,137
HUANCA,136
ESTERCH,136
CAYUÑIR,136
ROJO,136
ROMANQUE,136
NECULMAN,136
AÑASCO,136
BRISO,135
ROSAL,135
ANIÑIR,135
CAÑETE,134
APUD,134
HUAMANI,134
CHANGANA,134
CALHUAN,134
KROLL,133
FRITZ,133
CARU,132
ALARCÓN,132
FORMAS,132
VIO,132
GARCÍA,132
SALDIVAR,132
MANQUEL,132
MANOSALVA,132
GRANADOS,132
HORMIGA,132
ANTIVILO,132
COLICHEO,131
TRIVIÑO,131
RAFAEL,131
LAURIE,131
JELDREZ,131
CAMACHO,131
ALBERNAZ,131
JERLADO,130
RONDON,130
CAAMAÑO,130
BURGO,130
QUIRILAO,129
CLAIVERT,129
AILLAPAN,129
HUENTEN,129
CALERON,129
RANGEL,129
ABELLO,129
ARACENA,129
GARDRAT,128
VALERIA,128
MANQUI,128
ESCALA,127
TAUDA,127
LEFIAN,127
ARRAU,127
BRIZUELA,127
MORIS,126
SALDAÑO,126
BAÑADOS,126
BURY,126
BOLAÑOS,126
ASENJO,125
MILLACHE,125
ZELADA,125
ARZOLA,125
COÑOMAN,125
ABAD,124
PINUER,123
HUENUNMAY,123
FELIU,123
MOSQUEIRA,123
CONCEPCION,123
BASCHMANN,123
SAA,122
CHACIN,122
OTALE,122
BURDILES,122
GRENET,121
CURRIHUINCA,121
COCIO,121
ARABIA,121
CALERO,120
SEPULVEDAD,120
ALCAPAN,120
MONTANO,120
BASTERRECHEA,120
CHAPARRO,120
STUARDO,119
CALFUCURA,119
AILEF,119
ALDUNCE,119
OLIVERA,118
DOLE,118
GALEAS,118
DABOIN,118
BOLVARAN,118
PARRAGUIRRE,118
ROJA,117
LEMUS,117
BUDIN,117
PÉREZ,117
VILLAFAÑA,117
QUINAN,117
RIVERAS,116
RAÑILEO,116
PROVOSTE,116
JULIEN,115
MANQUECOY,115
IPARRAGUIRRE,115
ÑANCULEF,115
HINOSTROZA,115
VIERA,115
CORALES,114
CAYUN,114
ASTROGA,114
TICONA,114
PIÑONES,114
CARILEO,114
IZQUIERDO,114
VIZCARRA,114
PURATRICH,114
GAITAN,114
JUSTINIANO,114
LLAUQUEN,113
PAILLACAR,112
VÁSQUEZ,112
VELAZCO,112
LEQUEPI,112
LEVIO,112
MILLACORIS,112
PEZO,111
BARBOSA,111
HUENCHUPAN,111
COLIN,111
PEDREROS,111
BORNE,110
CASTAÑO,110
BAU,110
GALVES,110
CARIQUEO,110
MALINCA,110
ALBARRACIN,110
QUINCHAVIL,109
MANZANO,109
MILLARES,109
CÁCERES,109
VILLAMIZAR,109
GUIÑEZ,109
CUOCH,108
RAIHUANQUE,108
QUITRAL,108
MILLANHUAL,107
SALDIA,107
AGUSTO,107
CAMPO,107
CARPIO,107
LABRAÑA,107
HUICHANTE,106
MARILL,106
HUENTEMILLA,106
ANCEL,106
TRALCAL,106
MATUJARA,105
SIAPO,105
MAMANI,105
AYAR,104
TRUCIOS,104
LEVIQUEO,104
PERDOMO,103
CASANA,103
CUELLAR,103
SEREÑO,103
DOTTE,103
GAONA,103
VILO,103
RAUSEO,103
PANTOJA,103
CARRUYO,103
ANTIMAN,102
AQUEVEQUE,102
UNDA,102
MERY,102
HUARACHE,102
SUCASACA,102
PILAMILLA,102
PURRAY,102
FERRER,101
WILLIAM,101
CORRO,101
DOMICH,101
ANAIS,101
PEIGNA,101
DELPINO,101
PILQUIL,101
WEITZ,100
PETRAGLIA,100
BALLADARES,100
PARRAGA,100
BARILLAS,100
BESSOLO,100
FIGUEREDO,100
MONTILLA,99
YEUTO,99
VIVAS,99
ZEGERS,99
CONDORI,99
BORGEAUD,99
CALIXTO,99
HERNÁNDEZ,99
SIERRA,98
HUENCHUNAO,98
INALAF,98
BERNALES,98
PAINAMILLA,98
CALFIPAN,98
PAILLAMIL,97
PAILLALEO,97
PINALES,97
ALMAZAN,97
ADONIS,97
HUENUMAN,97
LAUTATE,97
CANCHAYA,96
FLORE,96
ABELARDEZ,96
VEGAS,96
KUKENSHONER,96
PLASENCIA,96
FABRES,96
ZÚÑIGA,96
ZAMUDIO,96
GARIN,96
GRUNHE,96
OCAREZ,95
JELVEZ,95
LEVINERI,95
CONA,95
BOSSI,95
CHILIQUINGA,95
CORRALES,95
HENRÍQUEZ,95
JARPA,95
BALBONTIN,95
GUICHARD,94
LANDAURO,94
LINCOPAN,94
PARY,94
TERAN,94
EYZAGUIRRE,94
MONSALVES,94
REALZA,94
IKA,94
POLGATTI,94
COTAL,94
MARCEL,94
JAMES,93
ASTUDILLA,93
MEGIAS,93
IGOR,93
CARHUATANTA,93
OYANADEL,93
SAZO,93
TAMBURINI,93
BRULL,93
ALAMOS,93
CAICEDO,92
LADRON,92
LOUISSAINT,92
ISAMIT,92
ARGEL,92
DONAIRE,92
LOZANO,92
IRULAO,92
RAMONES,92
HASTA,91
CESAREO,91
ANDAUR,91
LINCOCHEO,91
CHANQUEY,91
CARRERAS,91
CASTELLANO,91
TILLERIA,91
NAVAS,91
ARANGO,91
HUIRITRAY,91
CHEUQUEPIL,91
CAÑAZAREZ,90
FORTUNA,90
DASSONVALLE,90
CALVIN,90
VELEZ,90
SOLORZA,90
WALKER,89
FAJARDO,89
RUEDA,89
CAJIAO,89
BRANCHE,88
CHUQULIN,88
TIFFI,88
VORPAHL,88
MONTAÑA,88
TEBRICH,88
LAMBERT,88
TIZNAO,88
HUENCHUAL,88
CURAPIL,88
MELILLAN,88
JAUREGUI,88
PINEDO,87
NOVA,87
JOUSEME,87
FELIX,87
MILLAÑIR,87
MURGAS,86
NICUL,86
MONTERRASA,86
MILLAQUEN,86
NARVAREZ,86
NEUTULPAN,85
CHIHUICURA,85
ESCARAS,85
MONTALVA,85
MEJIA,85
CANIUQUEO,85
FLORIANO,85
PRECIADO,85
LLANO,85
SALCEDO,85
CARDONA,85
MARY,85
MAQUERA,85
CURILEN,84
NINAHUANCA,84
BULNES,84
PANNAGUIRRE,84
SIEYES,84
MARINAO,84
COLIPI,84
PANCHILLA,83
ANCATEN,83
QUINTRIQUEO,83
DAVILA,83
BORDON,83
BALLESTERO,83
TOSO,83
DIOSES,83
WACHTENDORF,82
CARIHUAL,82
SARAVA,82
TORREJON,82
RICO,82
LLAUPE,81
BIZARRO,81
MAGAÑA,81
COSANO,81
PUENTES,81
CARRION,81
DUCAUD,81
OGAS,81
MINA,81
BAHAMONDE,80
CONSUEGRA,80
YARUR,80
ERICKSEN,80
MALMBORG,80
PINOLEO,80
REASCOS,80
RATHGEB,80
ILLANES,80
TROMELAO,80
DORCIN,80
HOYOS,80
PAYLLACAN,80
FAUNEZ,79
PETERSEN,79
MARCHAN,79
MUÑIZ,79
DANIEL,79
ZELAYA,79
ALCATRUZ,79
CARVALLLO,79
ESPINOLA,79
HUENCHUL,79
BOZO,78
AVELIN,78
COLIHUINCA,78
ANDRADES,78
ADRIAZOLA,78
PIRELA,78
VILAZA,78
QUILA,78
TAJ,78
HUENUAN,78
GIRALDO,78
CALZADILLA,78
DUEÑAS,78
CAMILO,77
ANTUÑEZ,77
LIELMIL,77
CAÑOPAN,77
FUICA,77
FRERE,77
COTRINA,77
ATENAS,77
CEDEÑO,77
SIVIRA,76
LINCOPI,76
MERVIL,76
CURINAO,76
ABREU,76
QUILAPAN,76
CACHAÑA,76
CORONA,76
KRUMEL,76
ARGANDOÑA,76
MURGA,76
GORIGOITIA,76
MANQUE,75
SEIJAS,75
URIOL,75
MILLAPAN,75
TOUSSAINT,75
PIMENTA,75
ROBLEDO,75
ATERO,75
CAYO,74
DESSIUS,74
OROSTICA,74
CANEO,74
COLIMAN,74
SAGARDIA,74
AUGUSTE,74
CENTIS,74
MONJE,74
PIÑALEO,74
VIVAR,74
MANDUJANO,74
CASTILLA,73
VILORIA,73
ARRIOLA,73
OGGERO,73
BOCCA,73
ELOZ,73
PLANET,73
YAMPAZA,73
PICON,73
NECULQUEO,73
IGAIMAN,72
RESTREPO,72
PAINEMAL,72
VALLECILLA,72
LUQUE,72
COLOMA,72
LINAREZ,72
MURIÑO,72
CABRERO,72
MANTICOREA,72
SARRAS,72
VICUÑA,72
DABOVICH,72
URQUIJO,72
EVANS,72
MATTA,72
MINCHOLA,72
MOLINET,71
NAHUELQUEO,71
ALAYO,71
ARAGON,71
TEJEDA,71
LLACAMIL,71
CRUZAT,71
RUBINA,71
MESINA,71
PORMA,71
TORNERIA,70
ALCANTAR,70
HUIRCALEO,70
HUIZA,70
HUENCHUÑIR,70
LINCANAN,70
REGALADO,70
ARZUA,70
RIOBO,70
GRADOS,70
CALVIO,70
KLENER,69
BOMBAL,69
PATTY,69
PANAILILLO,69
CALUIL,69
UTRERAS,69
GALAN,69
PASCUAL,69
CATRIFILIO,69
COÑOEPAN,69
PALENCIA,68
HINESTROZA,68
GALINDO,68
SANTILUS,68
OÑEDERRA,68
ZORRILLA,68
ARCO,68
ELIZALDE,68
VALDIVIEZO,68
GIMENEZ,68
CRISTI,68
PEREDA,67
BRENDEMUHL,67
GOZALEZ,67
ESBIR,67
GUNCKEL,67
AMARO,66
PLACENCIA,66
HUENCHUCOY,66
SAGUA,66
VILLARREAL,66
CAÑAS,66
YANEZ,66
LATIN,66
GALEANO,66
NIRIAN,66
FAGERSTRON,66
HERNADEZ,66
ALDANA,66
QUINTUMAN,66
PILLIHUAMAN,65
PALMEIRO,65
BASOALTO,65
EGUREN,65
CORONEL,65
JIRON,65
SALVATERRA,65
VEINTEMILLA,65
ANTICOI,65
NAREDO,64
PADRON,64
CABAÑA,64
MONTESINO,64
JEUDI,64
LLANQUILLAN,64
HONORES,64
MILAN,64
GUARDIA,64
CHUQUIMANGO,64
ANCAPILLAN,64
MUGA,64
MARECHAL,64
GERMAN,64
ROQUE,64
NIEVES,64
SALDIVIA,63
ESPAÑA,63
CAMPILLAY,63
GALDAMEZ,63
SOSA,63
ETIENNE,63
PENELA,63
QUEUPIL,63
FENSEL,63
SANTI,63
ARISMENDI,63
LLAMAZAREZ,63
SEMBLER,63
CARQUIN,63
ANTIPA,63
CALLEJAS,63
TORNES,63
NUNEZ,63
CATRIMILLA,62
YUING,62
KING,62
UBILLO,62
VILLEGA,62
BANNA,62
PASCAL,62
CHOQUE,62
HUENUPIL,62
CALFUMAN,62
OROBIO,62
ARRIZAGA,62
BAZAN,61
CHALOT,61
BERLUS,61
BOZOR,61
BONTES,61
HUENCHULAF,61
CARICEO,61
CARIZ,61
ESTENIA,61
JARRETT,60
OLCAY,60
MONDRAGON,60
AYULEF,60
JACQUES,60
COSSIO,60
MAZZAQUIOD,60
SANTA,60
GAYMAR,60
PILQUINAO,60
OBISPO,60
PALOMO,60
DELAURENT,60
PEDRERO,60
JAIMALIS,60
BEROIZA,60
REEHL,60
ALAMEDA,60
PELAEZ,60
TIRRERIA,60
NAIL,60
MARIFIL,59
OYANEDER,59
SURCO,59
CODOCEO,59
CABRA,59
LLEVENES,59
DUBO,59
GEFFRARD,59
PAINEFIL,59
CALVO,59
MATEO,59
VIRA,59
MUÑEZ,59
CASTAGNOLI,59
LIENDO,59
BIOTT,59
HUENTELAF,59
SCOTLAND,58
HERRERO,58
NOLASCO,58
MAESTRE,58
RISSETTI,58
FARREITE,58
PANGUE,58
ALOMIA,58
SILVESTRE,58
COLLIN,58
MUSA,58
WUTH,57
MESSINA,57
ASCANIO,57
BRIÑEZ,57
MANJARRES,57
BINIFACIO,57
OSORES,57
MELGAREJO,57
CCONISLLA,57
LLANQUINAO,57
RAUCHER,57
SELLAN,56
OLORTEGUI,56
NANCUCHEO,56
ANWANDTER,56
BATANCOURT,56
CARANCIO,56
SERNA,56
NOGUERA,56
PEDRAZA,56
VALLES,56
PEREA,56
HORMAECHEA,56
HUILIMAN,56
CAIMANQUE,56
HUANQUILEN,56
BACA,56
ANGARITA,56
ARAGONES,56
COSTANTINI,56
ALONSO,55
CANIUÑIM,55
ALMENDRA,55
MACHIMAN,55
CHEREAU,55
SANAN,55
MONTT,55
ARNAIZ,55
LOVERA,55
FELIPE,55
PILGRIM,55
TRAÑOLAO,55
FAUDEZ,55
PETIT,55
UBEIRA,55
ALANIZ,55
COLOMBO,55
MELINAO,55
DEPAULO,54
PAILAMILLA,54
LEVICURA,54
YAMUQUE,54
NEYRA,54
GANGAS,54
CUEVA,54
ARUQUIPA,54
VILCA,54
OKADA,54
ZULUAGA,54
RONDA,54
CALFACURA,54
SARABIA,54
HUENUHUEQUE,54
FRITIS,54
SCHIAFFINO,54
ERVIA,54
CORONDADO,54
VALERA,54
BICHUNANTE,53
PICHUANTE,53
ANA,53
CARBALLO,53
ALEGRE,53
DESORME,53
BENITES,53
CHEPO,53
FRANCIS,53
BENELLI,53
MELIVILU,53
HUICHAMIL,53
GERDES,53
LAVANDEROS,53
PICHUN,53
PONTIGO,53
ARTIAGA,52
ROJEL,52
CONSTENLA,52
COELLO,52
CANARIO,52
ANANCOLLA,52
COÑALEF,52
CALLUQUEO,52
JEUNE,52
MEÑACO,52
REMOLCOY,52
AQUINO,52
CONTARO,52
REDONDO,52
MARIÑO,52
MORIGUAL,52
FORGES,52
ALUM,52
ÑIRRIAN,52
ALMAGRO,52
TEJOS,52
CARABALLO,51
MENJIBAR,51
GEDEON,51
CAPLAN,51
LONCOÑANCO,51
CANTOS,51
FEREIRA,51
MATHEUS,51
NEGUIMAN,51
PAUCARIMA,51
KLEIMAN,51
BORJAS,51
CATRILAF,51
BUENDIA,51
MAUNA,51
OCARES,51
NOVAS,51
CABRALES,51
NIQUIN,51
ZADORI,51
ORLANDO,51
ÑANCUCHEO,50
LISBOA,50
GUAIMARE,50
MANQUEO,50
QUILALEO,50
NEGREIROS,50
PARIONA,50
ACURERO,50
TUESTA,50
VICTORIA,49
MASISIDORO,49
SUMIRI,49
OSSA,49
QUISTO,49
HUIRCAN,49
ANTICAL,49
SAGAL,49
CARDOZA,49
CUMINAO,49
CHINCHILLA,49
TREJO,49
VIEDMA,49
JIHUALLANCA,49
CHACANA,49
LIENQUEN,49
HOLGUIN,49
CATIL,49
VIGUERAS,49
LLAUNE,49
MILLAGUIN,49
FREZ,49
ITURRRIAGA,48
HIGUERAS,48
RUMINOT,48
COLIHUINCHA,48
NOEL,48
AROCA,48
ALGAÑARAZ,48
CHAGRAY,48
TARAPAQUI,48
RAMSAY,48
GARCÉS,48
HERRADA,48
CALLUPI,48
CUELLO,48
MICHEA,48
PRAT,48
DAILLE,48
SANTELICES,48
SAINT,48
BIANCHI,48
GAYARDO,48
AROYO,48
FERANANDEZ,48
PUEL,48
GABELO,47
MARILUAN,47
MACHADO,47
ZERPA,47
RUMILLANCA,47
BOGADO,47
FARAY,47
FLANDEZ,47
MILLAQUEO,47
TIMM,47
GUERINE,47
RIBOT,47
PIUTRIMIL,47
LANZIOTTI,47
CORDOBA,47
GUILLEN,47
CRISTOPULO,47
TUTELA,47
VELAZQUEZ,47
LEUFUMAN,47
SANTE,47
VERDESOTO,46
SPOLMAN,46
CISNEROS,46
DIESTRA,46
ERBA,46
HUTRERA,46
DONNE,46
LLAGAS,46
TAFUR,46
ABARZA,46
CANIULAF,46
DIOCARES,46
PAILAHUEQUE,46
RUSSO,46
OROSTEGUI,46
ANDANA,46
ALCOCER,46
LLANCALCO,46
BUTRON,46
FLEURILUS,46
CAPDEVILA,46
LAUREANO,46
OBREGON,46
ANTIÑANCO,46
IRADI,46
ESQUIVEL,46
SHAW,46
HUAIQUIL,46
LLAMOCCA,46
QUIMEN,46
LOUS,46
KOHNENTAMPF,46
BERTANI,46
COLMENAREZ,45
MILLIPAN,45
CHILA,45
CHA,45
MOTA,45
MARQUINA,45
PITICAR,45
HELIOTT,45
TEREUCAN,45
SOLER,45
ARANZAEZ,45
PAILLAN,45
MULATO,45
CUYUTUPA,45
CURRIHUAL,45
VIGUE,45
EDA,45
AGREDA,45
JAMETT,45
JUAREZ,45
COLANA,45
BOUTE,45
LLALLI,45
OTAZO,44
CHEUQUE,44
CANIULAO,44
VELOZ,44
LUFFI,44
RENDON,44
SUXO,44
NAZARI,44
LUEIZA,44
MARTÍN,44
SUBIRANA,44
CLAPHARD,44
PULIDO,44
ARREAZA,44
SOJO,44
ECHAREN,44
FERNÁNDEZ,44
MARTTENS,44
TUMA,44
DESRISSEAUX,44
CARROZA,44
SILVANO,44
PAILALLEO,44
LAYNES,44
TRONCH,44
ALZATE,44
TRANGO,44
BASIGALUPPI,44
FERRERA,44
CUBILLO,43
BARRANTES,43
TRINCADO,43
METAYER,43
GRUESO,43
WUTHRICH,43
GIERKE,43
KIEFER,43
CANIUPAN,43
URBANO,43
ARANDIA,43
ARANA,43
UZTARI,43
BOUEY,43
ALVINO,43
CAYUPI,43
CATRIMAN,43
MOSTACILLA,43
CHADIA,42
GALLEGUILLO,42
ADANS,42
TORRICO,42
ANTIPI,42
PANAZUELA,42
HUENTENAO,42
LUPALLANTE,42
QUIERO,42
ORO,42
RON,42
ALPHONSE,42
PLANCHART,42
DORADO,42
GANGA,42
MUNNE,42
RAINAO,42
DAINE,42
UMANZOR,42
CATILAF,42
ARRATIA,42
CARRIL,42
TACILLO,42
CHARLIN,42
CEVALLOS,42
FANDIÑO,41
SUBERO,41
TASAYCO,41
IZARRA,41
FREDERICKSEN,41
ANCATRIO,41
YAIPEN,41
TIMAURE,41
FAGALDE,41
BATISTA,41
MILLAHUEQUE,41
CORNEJOS,41
MAURICETTE,41
HUECHAQUEO,41
HEIM,41
JELVES,41
DAMECOIS,41
CARIOLA,41
JELDRES,41
MEYER,41
CEJUDO,41
QUIÑENAO,41
NECULHUEQUE,41
HUENUANCA,41
PINELA,41
YBAZETA,41
MAYA,41
MORASSO,41
HUINCATRIPAY,41
ROVEGNO,40
FREITEZ,40
BOCAREJO,40
MELIPIL,40
ARRAZOLA,40
MURA,40
QUIDENAO,40
CUMPLIDO,40
MAGNA,40
ARO,40
BREVIL,40
CARRIEL,40
CALFULEO,40
CAÑULEF,40
ARMAND,40
CATALÁN,40
CHOURIO,40
CURICHEO,40
MONGOYA,40
CALISTO,40
WILZEK,40
LORZA,40
MANTILLA,40
NERI,40
ORDOÑA,40
ALCIVAR,40
VIGO,39
AZMORU,39
ALACHE,39
LERE,39
DOVAL,39
HALYBURTON,39
REGISTRE,39
NAHUELQUIN,39
HEIMGEL,39
QUIJIJE,39
TARAZONA,39
CONEJO,39
MOLINO,39
CUITIÑO,39
OLIVER,39
ENCALADA,39
MALHUE,39
MENDIETA,39
GUASCA,39
CUJILAN,39
VASCONCELOS,38
HUIRCAPAN,38
QUILAN,38
CURICHE,38
LUDUEÑA,38
ESCANILLA,38
DELFABBRO,38
COVARRUBIAS,38
AVEDAÑO,38
CABRAL,38
PAYACAN,38
VIVALLOS,38
HERNRIQUEZ,38
GANZORA,38
MORANTE,38
BELANDRIA,38
ADAN,38
MAVO,38
BUDIEL,38
CATRICHEO,38
TEJADA,38
HUEICHAO,38
ÑANCULIPE,37
AZUAJE,37
PERALTE,37
FRE,37
VICTOR,37
MENANTEAU,37
TOCORA,37
PIÑEIRA,37
MANTERO,37
NAIPAN,37
ANTEQUERA,37
GAUNA,37
ZABALETA,37
OLIVAREZ,37
JORDAN,37
INFANTES,37
GUAICO,37
BAPTISTE,37
CODOCEA,37
PARIASCA,37
BALZA,37
MALDOMADO,36
TRIGO,36
DIAS,36
CAMILLA,36
OTERO,36
OLGUÍN,36
GRAUS,36
NAMONCURA,36
MILLER,36
PALMAR,36
FLOR,36
MILLACURA,36
COILLA,36
SOLORZANO,36
ZULUETA,36
CAMARGO,36
PRANAO,36
FAUNDES,36
RICCER,36
CHEUQUEPAN,36
YÉVENES,36
ROSADO,35
PINAR,35
CARIPAN,35
ZANBRANO,35
GUMERA,35
BEDONNI,35
BARCO,35
ABANTO,35
SYLVAIN,35
MORI,35
NECULÑIR,35
URREJOLA,35
CALLIPAL,35
VILLANNEAU,35
CANIPUL,35
MOLINARE,35
CARLINI,35
CALLE,35
CALFICURA,35
GIJON,35
TAMARIN,35
MORRISON,35
ANTONIO,35
GAMEZ,35
BONBALLET,35
CHIHUAILLAN,35
SAINTLOI,35
PALAVECINO,35
PICHILEN,34
NECUN,34
VERAS,34
TUSACH,34
ODREMAN,34
OYANEDEL,34
NIÑO,34
BACON,34
CUENCA,34
BORBON,34
CENIZAIRE,34
MEDRANO,34
ZULETA,34
HUICHAQUEO,34
PASO,34
CANIUMAN,34
ALFAN,34
MAYANES,34
DEMESA,34
HUENULAF,34
CHININOS,34
CHIA,34
THOMPSON,34
RAYMOND,34
HIRANE,34
CALABRANO,34
PIRUL,34
CARIS,34
PICHINIL,34
LEVILUAN,34
LLAVETA,34
TRAIPE,34
HUAIQUIAN,34
MARCATOMA,34
BAILON,34
SAMIT,34
LLANQUILEO,33
LLANCANAO,33
PAILLAQUEO,33
LIENCURA,33
IRRIBARRA,33
ZAVALETA,33
BULO,33
QUIDEL,33
MIRA,33
ALIDOR,33
CARDOZO,33
AVEIRO,33
FISHER,33
REVEROL,33
LIDENMAN,33
MARZAN,33
MELIHUÉN,33
MANZANILLO,33
ROGAZY,33
JERIAO,33
ALCAMAR,33
URDERO,33
PITA,33
CHINCHAY,33
PINILLOS,33
CATRIN,32
HUNGLE,32
LERMANDA,32
ARRÓSPIDE,32
ANCACOY,32
CHUQUILIN,32
BERROA,32
COÑOPAN,32
MAIDANA,32
LLAUPI,32
CEDAN,32
YUCRA,32
ZURA,32
OLIVERO,32
LAVOZ,32
OUBRIZ,32
VIGIL,32
CATRIPAY,32
LUZARDO,32
VALBUENA,32
GASPARD,32
CABAÑAS,32
HUEICHA,32
TRIPANAO,32
FOITZICK,32
CAMBINDO,32
MELERO,32
QUILACAN,32
TARE,32
CANIUÑIR,32
COLOMERA,32
OVILMAR,32
CHICAHUAL,32
MONSALVEZ,32
ANTIQUEO,32
NOA,32
OBESO,32
RUDOLPH,32
DIAMANTINO,32
CAYULEO,32
SARMIENTOS,32
RUNGE,32
MALIQUEO,32
LANDUETA,32
ANTINOPAI,32
HUENCHU,32
BRANDT,32
TURRA,31
OVANDO,31
MILANO,31
BILBAO,31
GALVIS,31
MARGARIT,31
CHINNOS,31
POMACONDOR,31
LIENLEF,31
ALMENDARES,31
CLAVERO,31
PATVELLI,31
LLANTOR,31
GALDIN,31
MARIVIL,31
MAZZETTI,31
PAINEO,31
ZAMARCA,31
CIUDAD,31
MULLER,31
HUENUPAN,31
HUENTO,31
CEÑA,31
GELVEZ,31
MONTIEL,31
CERVANTES,31
MARTILLO,31
BASAUR,31
BOHORQUEZ,31
EREU,31
MARUMAN,31
BROGI,31
EVERT,30
MACHEO,30
CATARI,30
PESOA,30
GORMZA,30
NEGRON,30
BARCOS,30
GONZALO,30
AUBRIO,30
TOMALA,30
BLAST,30
LUJAN,30
TRANAMAN,30
LIPAN,30
CAVERO,30
PEREZA,30
GARADITO,30
BARNIER,30
BERLAND,30
LIBERONA,30
ROBINZON,30
HUECHE,30
MAURELIA,30
BARRUEL,30
TRANGULAO,30
VILAR,30
BORDILLO,30
BARON,30
TAIBA,30
LANTADILLA,30
GODARD,30
NOPAY,30
PEÑEIPIL,30
LLANCAQUEO,30
MONARES,30
AULAR,30
CHIRINOS,30
VILLANTOY,30
ANCALAO,30
PENA,30
CHINGA,30
ANGEL,30
ALIAN,30
CARRILO,29
QUIPALLAN,29
QUEIPO,29
AÑEZ,29
CABULLANCA,29
REY,29
HUAIQUILLAN,29
QUEUPAN,29
GALVIZ,29
DUARTES,29
BILO,29
CALCUMIL,29
FLOREZ,29
CENTENO,29
RAVANAL,29
JUEZ,29
TELFORT,29
COMPAÑIA,29
MANQUICHEO,29
DOMINIQUE,29
PORTILLO,29
ALCIDE,29
REQUENA,29
HUINCATRIPAI,29
PEROZO,29
RAILEN,29
CHODIL,29
UZCATEGUI,29
CLAVERIA,29
LIVIQUEO,29
CARABALI,29
CASIMIR,29
MOTERO,28
FRIZ,28
COSTA,28
HUENANTE,28
MILLAL,28
MATARA,28
ROSSEL,28
MARGALL,28
CARENAS,28
OLAYA,28
LOPE,28
LYL,28
VILCACHAGUA,28
FRIDEZ,28
NACARATE,28
BEAS,28
BALMACEDA,28
HERVIA,28
LEVICAN,28
MOLTALBA,28
PAULETE,28
ANACENA,28
CHIRIQUE,28
ALEGRÍA,28
HUENCHULEO,28
LEPIN,28
LLAIPEN,28
CANIQUEO,28
MALPICA,28
AGUAS,28
CALLA,28
GESSE,28
BUCARY,28
SAIGUA,28
POICON,28
INSERRATO,28
PALLERO,28
REBUSNANTE,28
MONESTIME,28
VALDEVENITO,28
ROSARIO,28
APOLINARIO,28
LANDAIDA,28
CAYUAN,28
SEPÚLVEDA,28
ESPITIA,28
ELPHE,28
HANTSCHERUK,28
FALCON,27
QUINTO,27
CARIMAN,27
CALCEDO,27
NEUMANN,27
MANQUEIN,27
MARSAL,27
PEREYRA,27
CÁRCAMO,27
PIRIQUINAO,27
BRANCALES,27
MONRROY,27
BERGUÑO,27
CATRILAO,27
ADARVE,27
PUENTE,27
TREJOS,27
ORMACHEA,27
ESPARRAGOZA,27
VALBRUN,27
VILLAPAREDES,27
ROSS,27
MOLFINQUEO,27
VILA,27
QUINCHEL,27
ORIGUEN,27
PIZANJO,27
YOUT,27
SARTORI,27
SAMEDI,27
QUERO,27
MELLAFE,27
JANY,27
MALAVE,27
ARDILES,27
CATRICURA,26
LEVILNAN,26
STEVENS,26
CAICOMPAI,26
DAHM,26
ANTIPAN,26
DEMARTINI,26
MALAVER,26
MARFULL,26
PIARD,26
HUENUPI,26
WINSER,26
DERIMUS,26
NICLOUSE,26
CASAFRANCA,26
YAMUNAQUE,26
HUENTEMIL,26
ARENA,26
LAINEZ,26
ASPE,26
LANDA,26
CALDERA,26
BENAVENTE,26
QUEUPU,26
NOGAS,26
NORDEUS,26
KADELBURGER,26
PURIZACA,26
ESVEILE,26
CAMAHUALI,26
COLIÑIR,26
MILLAHUALA,26
CARRANCIO,26
ALGARRA,26
CENATUS,26
PUMA,26
ELUSMA,26
UNDURRAGA,26
ARANIS,26
ATAPUMA,26
OCAS,26
VIZCAINE,26
CLAVEL,25
FACONDE,25
HUAIQUIMIL,25
CHON,25
PIUTRIN,25
PINCHETTI,25
JER,25
MURO,25
CANELO,25
BERNARDINO,25
UCEDA,25
LEPIQUEO,25
ZARALLO,25
ARRIETA,25
MELQUIADES,25
PERLAZA,25
CANEIRO,25
BALTRAN,25
HUAYTA,25
OYADENEL,25
NAGUIL,25
VERBANO,25
OLIVO,25
BANCES,25
FREIRE,25
BEROÍZA,25
VENTURA,25
IMAS,25
INIESCA,25
FIESTAS,25
PORTILLA,25
ROBINET,25
REINUABA,25
NEYE,25
PANCHILLO,25
CURAMIL,25
POMBETT,25
SCHURCH,25
ANDERSON,25
MANZOR,25
ELIAS,25
QUILAPI,25
LAITY,25
MANQUECURA,25
REAL,25
GROSSI,25
ARDIACA,25
COLLIHUINCA,25
RISCO,25
PICHUMILLA,24
URRUTA,24
MALTES,24
ESTAING,24
VALDIVIESO,24
MOHOR,24
MASSONI,24
MOL,24
ESCRIBANO,24
MARILAO,24
CASTELLON,24
MONTUPIL,24
ANCAR,24
PIERATTINI,24
STURUP,24
SEURA,24
HUENCHAQUELEN,24
ÁLVAREZ,24
CANAVES,24
TORREBLANCA,24
YEFI,24
FUHROP,24
MERILAN,24
PAINECUR,24
LEIVO,24
PINDAL,24
CASASOLA,24
BEJARANO,24
LOPETEQUI,24
REYGADAS,24
JACQUET,24
PRAZUELA,24
BUSTILLOS,24
URREÑA,24
RAUCO,24
FERERO,24
AILLON,24
JACINTO,24
LEVIÑANCO,24
SEQUERO,24
SIGNE,24
SEQUEA,24
CAQUEO,24
CAROCCA,24
ARGUELLOS,24
MILLAS,24
ANTOINE,24
MADDY,24
CALLAO,24
CASTANEDA,24
LEVIL,24
HUACCHA,24
SANTILLAN,24
CORO,24
AGUILEF,24
MELLI,24
NATERA,24
LAPALMA,23
CABANILLAS,23
PEINADO,23
CANAPIL,23
URRUA,23
ANCAPI,23
LIZARDO,23
CABAS,23
PERQUIL,23
ALMUNA,23
PAILLECOL,23
PALOMERAS,23
DENEGRI,23
HAGIWARA,23
LANDAETA,23
ALCHAO,23
VERGARAY,23
MOLERO,23
CURIMIL,23
QUENPUL,23
EWERT,23
TENA,23
COÑOENAO,23
MONTAS,23
OTAEGUI,23
ELIACIN,23
CHARRI,23
BASONA,23
UNTUBIA,23
CUSI,23
NELSON,23
CHACÓN,23
SERUIGNA,23
QUIPAYAN,23
CARRASQUERO,23
MADROÑERO,23
PAÑAILILLO,23
ROSSI,23
BAQUEDANO,23
PAREJA,23
NAHUELÑIR,23
ALCARRUZ,23
CORROTEA,23
COLICOY,23
SOLARTE,23
TRUJILLOS,23
PHICILME,23
JESUSI,23
ASPEE,23
BERTRAND,23
JHONSON,23
BRAYO,23
TAMPINI,22
FABIAN,22
YOVIO,22
DENIS,22
VILCHE,22
LAZARO,22
RESQUE,22
FOURREY,22
RENGIFO,22
KERN,22
ESNIPONZA,22
BONE,22
HOLMER,22
PARA,22
BARREU,22
SOTELLO,22
MUTINELLI,22
MAÑAN,22
ARARAT,22
ANADER,22
TORNQUIST,22
MARIHUEN,22
GASTELO,22
BRANTE,22
RIPOLL,22
BADELL,22
GABRIEL,22
NAHUELMAN,22
AREYUNA,22
CAICO,22
JESUS,22
ENCARNACION,22
BIANCO,22
PEÑALILLO,22
VILLALOLON,22
LEVIPAN,22
MILLAÑANCO,22
POLICE,22
FREN,22
CIRINEO,22
FERMIN,22
SOÑAN,22
ALU,22
TASSARA,22
ANTRIZ,22
SEVERIN,22
ERNA,22
IGAYMAN,22
ALDA,22
PERNIA,22
VALLEJO,22
NARRO,22
CANULLAN,22
DOTE,22
JIMEN,22
MAZUELA,22
MELIAN,22
HUENCHUCORA,22
HUGEAT,22
PICHULMAN,21
BETANZO,21
HOSPINA,21
LARRAGAÑA,21
MAINO,21
JAURIGUI,21
SUTHERLAND,21
CEBALLO,21
ROHUEDE,21
ESTEBA,21
ESTRAVER,21
SCHMIDTCHEN,21
ECHEÑIQUE,21
VIDES,21
CARBONE,21
GARCONVIL,21
FLORIAN,21
BACHMANN,21
PERLOZ,21
NAIM,21
LIEMPE,21
VIEYTES,21
MELLAO,21
BURBOA,21
LOGREIRA,21
SANHUEQUE,21
MARAY,21
MOLLEDA,21
REINA,21
AQUILEF,21
VALDEBNITO,21
BOTERO,21
GIANNATTASIO,21
GARZON,21
POMPILUS,21
ANTIL,21
LOBO,21
HERERRA,21
ROSENDA,21
GRAU,21
COCHERO,21
BRISSO,21
PORTALES,21
PURIN,21
LINCOLAF,21
LAGUERCIO,21
LAPLANTE,21
VIGORENA,21
BLAS,21
FRISNEIDA,21
AUDIVERT,21
TORZO,21
CAPURRO,21
MARDONEZ,21
TABILO,21
IRRAZABAL,21
TROPAN,21
VILUGRON,21
LERNA,21
DORNEVIL,21
VILUÑIR,20
FERRARI,20
BALASNOA,20
LLEUBUL,20
ABALOS,20
BALCEIRO,20
BELZI,20
MARGUIROTT,20
MARIPANGUE,20
AUQUILEN,20
MELENJE,20
MOLANO,20
NEY,20
AVELLOO,20
MARCHETTI,20
OTTO,20
POMAQUISPE,20
REIMAN,20
MARZON,20
COCA,20
CONDOY,20
RICARDO,20
BRINGAS,20
MAIPAN,20
COLLADO,20
HUACALLO,20
GRATEROL,20
ASCUI,20
LARRAHONDO,20
GORRIN,20
DUCOMMUN,20
RUiZ,20
ANTIN,20
LÓPEZ,20
ATABALES,20
CASTILLON,20
KUSCHEL,20
MECHAO,20
HERMOSO,20
PREVILUS,20
ATENCIO,20
TRITTINI,20
REQUE,20
MONTEFUSCO,20
SERRES,20
FERNDANEZ,20
LABONTE,20
FIORI,20
OROCUA,20
ARISTIGUETA,20
MOORE,20
MANRIQUE,20
VIVENCIO,20
HUALINGA,20
ODICIO,20
AMADOR,20
LABARRERA,20
PRETEL,20
ALOCILLA,20
CANTANERO,20
TREUQUE,20
NEVADO,20
PASMIÑO,20
GAZMORI,20
SERVIGNA,20
HUICACHE,20
POSTIGO,20
TAVILO,20
MERCHASINI,20
QUILAPE,20
BARTOLO,20
BARBOZA,20
JOICILUS,20
HAZARD,20
TAUN,20
SANUDO,20
VIVES,20
MACERO,20
PERAL,20
LULO,20
NAVARRRO,20
BERKHOFF,19
BUSTAMENTE,19
PRADINES,19
ARTUNDUAGA,19
CHUNGA,19
FAUS,19
BERRIO,19
PAGAN,19
BONAFAY,19
CAÑIZALES,19
GALARRETA,19
GRANADILLO,19
LEFIO,19
LLEUFUMAN,19
ALCAYAGA,19
APAZA,19
TORRECILLA,19
MONARDE,19
AVALO,19
HUENULAO,19
CADEUS,19
BAZAES,19
HUECHUCOY,19
RAGNIMAN,19
MALCA,19
QUINCHOA,19
ATRIA,19
IRISMA,19
PARTIDA,19
CASTILLOS,19
DASTRES,19
ARANGURY,19
LUCK,19
FREDERICK,19
OROSCO,19
JENNE,19
TOMAYO,19
MINAYA,19
MOLLER,19
EXRNCE,19
RALIL,19
ALCAYA,19
CAYULEM,19
JAVIER,19
MARILEF,19
MIGUEL,19
CANEDO,19
BLANC,19
LOSER,19
MILLALEO,19
NAJLE,19
ALGUERNO,19
VERAGUA,19
RODIRGUEZ,19
MUTIS,19
SIFUENTES,19
JENA,19
CABROQUET,18
BERTY,18
TICHIONE,18
ESPINAL,18
HUEITRA,18
SALGUEDO,18
LLANIN,18
WERLINGER,18
CARE,18
TRANSITO,18
LOSSADA,18
FARÍAS,18
HUALA,18
AHILLA,18
PAILLALID,18
MARRON,18
VILLAREAL,18
MATTHIES,18
VILLON,18
ARANIBAR,18
SAYAVERDE,18
REUMAY,18
HUENUFIL,18
ESTREGUES,18
MILLARREAL,18
BARRON,18
ARONI,18
BAHAMONDEZ,18
GIACONI,18
QUERSERO,18
GALLET,18
HUAQUIL,18
TERAI,18
IMIHUALA,18
AQUILES,18
JAQUI,18
AÑO,18
VOLPI,18
MONTE,18
BENOLA,18
Naranjo,18
CHEAUSU,18
CODOCEDO,18
MADARRIAGA,18
PRIMERA,18
GARTAE,18
ITURRE,18
HONORATO,18
HUIRQUIPAN,18
ACIARES,18
MONTALVAN,18
VERNET,18
MAGALLANES,18
APARICIO,18
NACULQUEO,18
MOYETONES,18
MALO,18
BARRETTI,18
BARROSO,18
MAX,18
ROMELUS,18
MOSQUEDA,18
ARBUNIC,18
SESSAREGO,18
MOENA,18
SATURNO,18
CCOSI,18
TRAILLANCA,18
COLLANTE,18
PUMO,18
LAMBRUCHINI,18
REYMUNDO,18
IRRIBARRIA,18
ARTIGAS,17
HERREA,17
LOJA,17
BARRÍA,17
NANCUANTE,17
OLIVARE,17
BALLESTA,17
SETT,17
EMIHUEQUE,17
IBAR,17
MARIANO,17
BRINY,17
OLANDA,17
COLDEIRA,17
MONTESINOS,17
ROLANDO,17
LASSO,17
JEFFS,17
SEME,17
ANTONIE,17
GRANDA,17
PANGUI,17
MERLIN,17
GRACIA,17
AGUADO,17
CLERVIL,17
YEVILAO,17
MACIEL,17
JARRIN,17
ANDAURE,17
ZAIDA,17
COLMENARE,17
ARGULLES,17
CAVALLERA,17
IZAGUIRRE,17
PASACHE,17
KNOCKAERT,17
DUNAZAILLE,17
URGUIDA,17
FENERO,17
PUEN,17
GALUE,17
RUNCO,17
BECA,17
CARRASCCO,17
MAIGUA,17
SIFUENTE,17
BEYLE,17
FARFACK,17
VALERO,17
MALGAREJO,17
CANESSA,17
PULGARES,17
RAIO,17
HUAIQUIPAN,17
HUENUACA,17
MARIANJEL,17
URUETA,17
PRINCIPE,17
FUANDEZ,17
ALONZO,17
QUIRUMBAY,17
LUCO,17
RAVINES,17
MOTATO,17
HUICHAPAN,17
DESORT,17
THERLAND,17
MARCELL,17
BAURA,17
CASADIEGO,17
MORGUEZ,17
BAQUENADO,17
LAVANDA,17
TABOADA,17
FINCHI,17
CASANUEVA,17
SABALETA,17
CASTILLANA,17
SAVERY,17
YEÑEZ,17
CARRASCEDO,17
TRONELAO,17
NITSCHKE,17
HUILITRARO,17
MONTEALBA,17
BUITRON,17
AYANCAN,17
CORZO,17
YOYO,17
ÑANCULEO,17
SHAFER,17
WORN,17
PENRROZ,16
MELEAN,16
HIDROBO,16
VANEGAS,16
SAWCZUK,16
ANRIQUE,16
COÑUEL,16
VALLEGOS,16
ARDEMAGNI,16
LONCOMILLA,16
ORTUYA,16
SEGUERA,16
BRUZUAL,16
CESAR,16
ARANGUIS,16
LENIS,16
FERNADEZ,16
VILCHERREZ,16
BENTANCOURT,16
QUINTUPIL,16
CAYCHO,16
BIAVA,16
ESPERGEL,16
MAGO,16
CLAUDE,16
HUECHUPAN,16
MORGADA,16
DESIR,16
SACHUN,16
LIBERON,16
CHERO,16
LEHUEY,16
HUECHAN,16
HUICHLAF,16
MORE,16
QUIROJA,16
ORTUBIA,16
MADUEÑO,16
FAU,16
NACARETE,16
CHACANO,16
ACHO,16
HUZABEAGA,16
OCAMPOS,16
CHEUQUECOY,16
ORDINOLA,16
CAMPBEL,16
ALQUINTA,16
LORENZO,16
SAENGER,16
HUMERES,16
CHIRINO,16
DIUQUE,16
ALANIS,16
CANIULLAN,16
BRANT,16
TAPASCO,16
NAUPALLANTE,16
HUANGA,16
PELLIN,16
FOLRES,16
RIVASPLASTA,16
PUNTARELLI,16
VILLARINO,16
ARMIJIO,16
FABREGA,16
SAVARIA,16
GURUMENDI,16
ARLEGUI,16
ABSOLU,16
ANTRIAO,16
MARITANO,16
TERCEROS,16
OLIVEIRA,16
PAICIL,16
GALEA,16
PETRI,16
FUENMAYO,16
PORTUGUEZ,16
COBEÑAS,16
SCHIFFERLI,16
BOCAZ,16
KRUGER,16
BAYTER,16
SUCERQUIA,16
BONOU,15
PIMIENTA,15
JEIRA,15
RETIS,15
HUENIL,15
COLLAZOS,15
MONFORT,15
CANIGUAN,15
SAVIGNONE,15
VAROS,15
CORCINO,15
CASTADAÑA,15
LEMA,15
LIPIAN,15
MASIP,15
GRAJALES,15
BIEN,15
MARTEL,15
GRCIA,15
PAIROA,15
VALLADE,15
MORON,15
OSESS,15
VEIGA,15
YARLEQUE,15
INGLES,15
CASA,15
NERETY,15
PEÑIPIL,15
TIZON,15
BUIDES,15
CABRILES,15
JASME,15
DROGETT,15
SIQUERIA,15
CAYULAO,15
PAISIL,15
LLANCALAGUEN,15
RUCAL,15
OROS,15
ARISTIBAL,15
PAILLAL,15
LIZMA,15
LACOMAS,15
CARRENE,15
CALFUPAN,15
MURUA,15
COLAN,15
HUEQUELEF,15
ESTIBILL,15
CORDAZA,15
HUICHIQUEO,15
LINO,15
CENOPHAT,15
MATA,15
MAFAILE,15
WAMPARO,15
YAUPI,15
CAÑA,15
BANGUERA,15
PASQUEL,15
TRECAÑANCO,15
MAITRE,15
VALCAZAR,15
ÑIRRIL,15
BLANQUEZ,15
BASAEZ,15
ASAY,15
COBO,15
QUILAQUIR,15
JARD,15
HARO,15
KAELIN,15
BAZAEZ,15
ROGEL,15
AUAD,15
TRIVIÑOS,15
ESCORCIA,15
QUIJANDRIA,15
ALCAVIL,15
TAMINCHI,15
MABLEN,15
SASSO,15
JAMA,14
CUZCO,14
ARISTY,14
BERROCAL,14
CUADRADO,14
CADET,14
ARMAS,14
MARMOLEJO,14
SAMPIEDO,14
ARGUELLO,14
UTRERA,14
LOPINTA,14
LEMOS,14
FERREBUS,14
ORDAZ,14
LLAO,14
ABACA,14
PAINEQUIR,14
ISAMI,14
URIAZAR,14
LANDIVAR,14
CEIDE,14
BORGOÑO,14
PEJERREY,14
GUINET,14
TAMAYA,14
BOROTTO,14
FORERO,14
CADENA,14
SÁNCHEZ,14
SALDANA,14
RECHIA,14
CUPE,14
VAELNZUELA,14
LEFIN,14
TORREZ,14
OSNEL,14
ARCAY,14
SUREDA,14
LIZA,14
LESANSY,14
MARLENE,14
DORILAS,14
MANCO,14
MOOR,14
CARIEL,14
DEUXDEVILEN,14
SELES,14
DAVIDSON,14
CADIU,14
LAVADO,14
CYPRIEN,14
TRUREO,14
ZYL,14
BETANCOUR,14
PEROT,14
LEGARDA,14
ALDONA,14
HUACHAQUEO,14
VELA,14
PASTENES,14
PEDRA,14
ZACCONI,14
HUANSI,14
BERNACHEA,14
CALFIL,14
CHARMEN,14
COÑONAO,14
LINCO,14
ALEJOS,14
HERMENEGILDO,14
INICIARTE,14
SAID,14
CATRIL,14
REIL,14
IRAIRA,14
NOFAL,14
SERPA,14
RIASCO,14
ARRIECHE,14
JUMENEZ,14
ESTOLOZA,14
PAVILUS,14
VIVIEROS,14
TEQUEDOR,14
BAZALAR,14
NARRIA,14
HUINCATEO,14
RUEDAS,14
NAUPARI,14
GUALA,14
TEJERINA,14
OCDILIA,14
LONCOMAN,14
MARCHAT,14
GORIGOYTIA,14
CLEDION,14
NANJARI,14
REINUN,14
LERICHE,14
CONTI,14
LEGUEI,14
ARCAPIDO,14
SALVIAT,14
URSUA,14
PALLACAN,14
LAGAZZI,14
ESPIRITU,14
CHALAR,14
VILDO,14
HUICHAQUELEN,14
SEMPRUM,14
GUEVERA,14
FRANCOVICH,13
HUARAPIL,13
VILLEUTA,13
CARILLLO,13
COLLIPAL,13
CAMPBELL,13
FORTUNE,13
USTARIZ,13
ARINGUIR,13
NOTARIO,13
QUIDEANO,13
SANDIA,13
ESPARZE,13
PAULEUS,13
CHU,13
MOGOLLON,13
SINARAHUA,13
GUERRIER,13
FORNELLS,13
RABET,13
FUENCIA,13
OTIMAÑO,13
PELQUIAN,13
HEREYTA,13
AMBIADO,13
LEBRUN,13
RÍOS,13
PUEYES,13
YANTEN,13
POFFALT,13
MILLAFIL,13
BEZMALINOVIC,13
LEANDRO,13
RABANAL,13
MILIAN,13
ARTEGA,13
HUICHIPAN,13
ZAPATEL,13
ECHEVERIA,13
MARREO,13
PAINECURA,13
SIGUAS,13
CALIZAYA,13
BARONA,13
BERMUDES,13
LICA,13
SOLDADO,13
ALBURGUEZ,13
QUEJER,13
MIJARES,13
ESE,13
MOISE,13
PUJOL,13
REGULAR,13
VERASTEGUI,13
ZELAYES,13
DERZSI,13
CORAL,13
LECTORA,13
VELIS,13
THEODORE,13
BATALLA,13
YAUPE,13
BEDONE,13
MARCOS,13
LASSERE,13
TISNAO,13
LIENLAF,13
SALVADOR,13
PANGEL,13
BOLBARAN,13
EPUTEO,13
UMIRAUMI,13
QUEIROLO,13
ULLO,13
LEFUE,13
ARAQUE,13
BOSSA,13
HUAIQUE,13
LOBON,12
PILCO,12
ESAA,12
DORVILUS,12
BASCONCELLO,12
URQUIDI,12
LIZCANO,12
OGALDE,12
SAINTELOI,12
RABELO,12
LOVE,12
BOSCAN,12
RIDEL,12
BALDEZ,12
SUYO,12
CRUZATT,12
LLAFQUEN,12
GAMONAL,12
ANTIPIL,12
NORMAMBUENA,12
BACILIO,12
MARVELI,12
CANTELE,12
CHOCANO,12
HUECHUCURA,12
ERIZES,12
SCHOLZ,12
GRIFFIN,12
HUINCALEF,12
PICHIPIL,12
GUINEL,12
MALLIQUEN,12
CARDEMIL,12
CHARME,12
BERMONT,12
TIBAN,12
PEÑAFIEL,12
ROLON,12
FUENTALVA,12
URZURIAGA,12
CAMEJO,12
ARRIOJAS,12
TUJILLO,12
REITER,12
PEROSO,12
CAEROLS,12
VILLLEGAS,12
CURAQUEO,12
LAUQUEN,12
CASTEDO,12
CAMPUZANO,12
BASULTO,12
MONA,12
MARIFILO,12
INCAVIL,12
LEHMANN,12
CASABONNE,12
UTRILLA,12
SANTIÑABEZ,12
PFLIEGER,12
TRASLAVIÑA,12
ESTUPIÑAN,12
SALMERON,12
SEIGNOUREL,12
VIERTEL,12
PETTORINO,12
HUAIQUINAO,12
ANILUS,12
CABALIN,12
FARIA,12
GAVIDIA,12
NUDELMAN,12
MINIELA,12
CERCEMO,12
HORSTMESER,12
MESYR,12
TULLIO,12
WOLFF,12
ASABACHE,12
VITRIAGO,12
SUCCES,12
VIVEDES,12
TAPULLIMA,12
TRIBALDOS,12
MONSALVO,12
CLAURE,12
CROZ,12
ARMARIO,12
ALCAMÁN,12
NAVA,12
HUILCAPAN,11
MILLAHUAL,11
HUICHALAO,11
GAYOSO,11
HUENCHUMAN,11
MOMBERG,11
KETER,11
CERISIER,11
GARAYAR,11
DAVALLON,11
BIANQUE,11
MAGDALENO,11
NOCHES,11
HUENUIL,11
CUESTA,11
RODAS,11
BELLEFLEUR,11
ROLDON,11
VINNET,11
TRANGOL,11
URRIA,11
DITTUS,11
HUAPAYA,11
LACROI,11
VIÑOLES,11
COPIER,11
LOCH,11
SEAZ,11
MEJÍAS,11
TRITINI,11
PASTRAN,11
PONS,11
GUAQUINATE,11
NOTARI,11
HENRIQUE,11
MENEIDE,11
DURANDAL,11
ILLESCAS,11
VIEDMAN,11
RAINAHUEL,11
OLLARVES,11
LLEMINAO,11
YOVERA,11
DORISCA,11
MIERES,11
MINO,11
SEQUEIRO,11
CALFUAL,11
OTAIZA,11
YÁÑEZ,11
ZULOAGA,11
ESCORZA,11
ELISMA,11
GANOSA,11
DANGELO,11
ARISTIZABAL,11
BEDOYA,11
ANTILUS,11
EMOT,11
NAHELPI,11
HAROS,11
INULAO,11
CUBILLAN,11
DROGETTE,11
PAJUELO,11
NAUTO,11
GUANILO,11
JOHNSON,11
VON,11
MATUTE,11
SCACCIATELLI,11
RIVADENEYRA,11
REA,11
LIÑA,11
BOCANEGRA,11
REO,11
CAPCHA,11
LAYANA,11
VILEGAS,11
CUADROS,11
DESPOSORIO,11
ALFONSO,11
PILQUINAF,11
NAHUELHUAL,11
ZARHI,11
JUSCAMAITA,11
FISCHER,11
VALDERA,11
JEVAY,11
CHIQUEZ,11
AVRIL,10
CUETO,10
CABALL,10
LAPAEZ,10
ESCAMILLA,10
CHANG,10
BRITEZ,10
CANINO,10
MARCHINE,10
LINQUEO,10
INAIPIL,10
FERRE,10
HUENCHULLAN,10
CAJOSOL,10
MOTANARES,10
SIERVA,10
PETER,10
CASTILLANO,10
KAUNE,10
BONIFACIO,10
TREMONT,10
DASORI,10
FLORIDO,10
VILCAPUMA,10
ARJEL,10
QUIJONONIA,10
RIBERA,10
BALDARRAGO,10
VIKERBACHER,10
SCHENCKE,10
LARRIEU,10
COVARRUBIA,10
QUIJANA,10
VIVERO,10
CARDENA,10
CUSCO,10
QUILPATAY,10
BRANDSTETTER,10
TANTAJULCA,10
ROMINAUS,10
ASTORQUIZA,10
LOENZO,10
FLEMES,10
RUVINA,10
ARAPE,10
ORBE,10
VILLCA,10
MILLALONCO,10
CEVALLA,10
CAMPUS,10
GRIÑEN,10
SOÑEZ,10
POPO,10
BERNABE,10
ANAYA,10
CABELLERO,10
DEVOTO,10
BELLILE,10
GUARISMA,10
WEGNER,10
FEVRIL,10
GALLO,10
SALGUEIRO,10
LEHUE,10
PANGUINAO,10
SABANDO,10
MATIAS,10
ANCAN,10
CURIO,10
SPIELMAN,10
ROBETTI,10
ACEITON,10
CHIRARI,10
ANDRAES,10
SAIZA,10
PICHU,10
MAVARES,10
NICOLAS,10
SANCHO,10
GOROGOITIA,10
ROBINSON,10
CORIA,10
VICENTE,10
PUNOLAF,10
LLONTOP,10
SEIDE,10
NONCENT,10
RIVA,10
ONTIVEROS,10
PORRAS,10
LIGUENCURA,10
ÑANCUMIL,10
ALEXANDRE,10
LOADER,10
SOLIZ,10
CORTE,10
FABIANI,10
YUBANO,10
TRAMALAO,10
CHANDÍA,10
HUILI,10
NOGAZ,10
AIME,10
MANQUIAN,10
CHERIL,10
SUESCUM,10
REASCO,10
OBLITAS,10
HOCH,10
BASTÍAS,10
PRADENA,10
ACHARAN,10
CLAVIJO,10
GINDI,10
SLIER,10
GAYMER,10
SOLÍS,10
ARANGUA,10
ECHEGARAY,10
MOSQUERO,10
ANTOLIN,10
TARRAS,10
GIORONETT,10
ALCAÍNO,10
TAGLE,10
PRADERAS,10
CALCINA,10
BELIZAIRE,9
BRACAMONTE,9
ARANGUE,9
PINNA,9
GALA,9
FERNNDEZ,9
DEMARCHI,9
COPIA,9
BREZKA,9
CERINZA,9
ORRILLOS,9
CÉSPEDES,9
QUINTUL,9
PARACO,9
IOVANETTI,9
TRINA,9
HUENUVIL,9
VARILLAS,9
GALLANGO,9
PACO,9
SIPPA,9
VAS,9
FORLIVESI,9
MARIANGEL,9
ANCAO,9
UCETA,9
PHAT,9
CACEREZ,9
LAFFONT,9
OSANDON,9
BARRIO,9
SILVERA,9
PUESCAS,9
GUZMÁN,9
COLLI,9
PAINENAO,9
OREJARENA,9
ALUJAS,9
QUIDECOY,9
MECIDOR,9
RONDAN,9
SAAVERDRA,9
MONENY,9
NEUMAN,9
ARTIGAR,9
AILIO,9
MICOLTA,9
LLANCAHUEN,9
CAMUSETTI,9
ECHANES,9
JULES,9
ALDEA,9
TUANAMA,9
VENEGA,9
OBREDOR,9
QUILOPE,9
TUMAY,9
PANDOLFA,9
ARBUCH,9
MILLET,9
QUIÑONEZ,9
BURGEÑO,9
ROCA,9
SEMPRUN,9
QUIDULE,9
BISSAINTE,9
PARICA,9
RETA,9
LABRADA,9
LEIGHON,9
AÑICOI,9
MACHE,9
QUINSACARA,9
BUSTAMANTES,9
ENCENA,9
YESAMBER,9
CETRE,9
SECO,9
POO,9
NAEGEL,9
ESIS,9
VIÑA,9
FOSS,9
POU,9
ESCALERA,9
GUAITIAO,9
ARQUEROS,9
UTEAU,9
MELIÑIR,9
GRILLE,9
BOCAS,9
HUIRIQUEO,9
CHACÍN,9
LUCHSINGER,9
TIGREROS,9
ALMADE,9
QUEUPUTRIPAI,9
PUERTO,9
HENRY,9
QUIJON,9
GUAQUIANTE,9
CHAMBLIN,9
CAYUPIL,9
PAREDA,9
WEINBERG,9
MARAGAÑO,9
SALINA,9
CERQUIN,9
CAYUPUL,9
GERMAUR,9
ÑANCUPIN,9
JACCARD,9
CALFUL,9
JEVENES,9
QUINECHE,9
CARRASCPO,9
ALANOCA,9
ZOWAIN,9
IZAÑA,9
BORGES,9
BURITICA,9
ÑANCUFIL,9
OSSE,9
CUBETA,9
MARIHUAL,9
GANOA,9
BURGUEÑO,9
SOTELDO,9
BALTAN,9
TORTOZA,9
ILUFFI,8
HUAPALLA,8
BREVI,8
REINES,8
CAYUPE,8
PIERRRE,8
HUINCAN,8
TANGARIFE,8
PURRAN,8
TARRAZA,8
BECAR,8
ELVIRA,8
GOICOCHEA,8
CHAPILLIQUE,8
CAMAÑO,8
LLAMIN,8
LLANCAMAN,8
NAPOLEON,8
ESTRELLA,8
FUMANGA,8
SEDAN,8
VILERA,8
HILARIO,8
ACEÑA,8
ORTEGANO,8
ZAPEDA,8
ALDARIZA,8
JURADO,8
MARICURA,8
RISKE,8
PANES,8
CONTRERA,8
FUNEZ,8
COLIHUIL,8
DELZO,8
ONTON,8
PENNA,8
ROTH,8
NONQUE,8
AVILMA,8
APELLIDO,8
GERONIMO,8
COLANGE,8
CURÍN,8
BERRUETA,8
CONIGUAL,8
WASTAVINO,8
PRATO,8
QUIÑILEN,8
TOGNARELLI,8
LASTRE,8
FUNMAYOR,8
HUERTO,8
GUENTULLE,8
DULANTO,8
HUINQUIMILLA,8
LANGER,8
ARANZA,8
ALDAVE,8
ROMÁN,8
LANZA,8
PIPON,8
DONE,8
ETINNE,8
RODOLINO,8
ALEMAN,8
BELLIAZZI,8
BULBOA,8
DUHART,8
BARDALES,8
GUIDOTTI,8
QUEVEDOS,8
MONSALVA,8
QUIÑELEN,8
SIMANCA,8
CRISOSTO,8
VILLAFUERTE,8
MONFORTE,8
MOSALVE,8
LEGER,8
BEZERRA,8
FERRUFINO,8
PAUZOCA,8
RUÑAN,8
LAUTURE,8
LONGA,8
CHANTA,8
HUINAPAN,8
CASTILLAN,8
KRAMM,8
MARES,8
VITTA,8
FALFAN,8
TERRONES,8
ARANGUEN,8
MILANCA,8
PACHAY,8
NAHUELCURA,8
MONTILLO,8
ALCAPIA,8
BETANCURT,8
DURAZAN,8
GONZLEZ,8
VEFGARA,8
OCAÑA,8
OYARZU,8
CARLOS,8
NOCETTI,8
RODRÍGUEZ,8
PICHUAN,8
YEPEZ,8
PIÑERO,8
BESOAIN,8
DARILMA,8
JULIAN,8
GRANADA,8
LUER,8
MONGUE,8
MARIHUEQUE,8
RAMÍREZ,8
DUCHAIN,8
PAILLALAO,8
Torres,8
CUERO,8
LEVIPANI,8
CÉSPEDEZ,8
CORNOJO,8
OPORTUS,8
ALGARAÑAZ,8
ORDENEZ,8
COÑUECAR,8
PREDANORD,8
BLASCO,8
KOHLR,8
MALERMO,7
ZEPEDO,7
MONASTERIO,7
REVANAL,7
MANCLLA,7
GRASSET,7
YASEMBER,7
VIL,7
MILLABUR,7
LEMETRE,7
MANDIOLA,7
GILBERTO,7
HUINA,7
REGIS,7
DESTIMA,7
LALUPU,7
LINGUE,7
ABALLAY,7
santander,7
JADELL,7
ÑIRIPIL,7
IMBOLEN,7
MARGUE,7
CALCAGNO,7
ALDAY,7
GUITARD,7
BRISEÑO,7
ALAVARIA,7
WILKENS,7
CARILAF,7
LEWIS,7
OLMEÑO,7
HUITRAÑAN,7
VELVA,7
REIMUN,7
LIMAI,7
LEGUE,7
ORIAS,7
MITMA,7
CANAVEZ,7
ONEZ,7
SPRING,7
RIERA,7
MORIGENE,7
CUBAS,7
CAAMEÑO,7
GODOI,7
PILCOMAN,7
VALOIS,7
PILGRIN,7
LEDESMA,7
LUCES,7
PAILLALEVE,7
SAVREU,7
PLAZUELA,7
SASSI,7
ARANIA,7
CUROTTO,7
MARCELUS,7
MIQUEL,7
MARRERO,7
NAGANO,7
PHOITE,7
DERONVIL,7
TILLERIAS,7
CHANGA,7
JOACHIM,7
LEUMAN,7
MARTI,7
CAZAÑAS,7
ORTUZAR,7
SORELLANA,7
ESTEVES,7
HUAITIAO,7
ACCIME,7
RAUQUEZ,7
BENI,7
SIRPA,7
CASNOL,7
EMELIEN,7
YSABA,7
MASAI,7
JAUREGI,7
HUICALEO,7
GANOZA,7
QUECHUVIL,7
TRESPALACIOS,7
CURIPAN,7
ABAR,7
LAZCARRO,7
MENDIOLA,7
GUILLER,7
CEDENO,7
GEORGIS,7
LEPIAN,7
MULEN,7
PUSFOL,7
MALPARTIDA,7
MARIQUIN,7
COLGUIN,7
LARRE,7
CHANCAFE,7
VACA,7
PUZARE,7
SOCORRO,7
FILUM,7
COFIA,7
SAPULVEDA,7
ANAHUA,7
ASQUICHO,7
THERANAME,7
CANTERO,7
CANIUMIL,7
RICHARD,7
RAICO,7
CULLAN,7
CANUILLAN,7
MANCHADO,7
NINO,7
PINCHULEF,7
ANDUJAR,7
LEYVA,7
LAPIERRE,7
COMPERE,7
KEY,7
UREM,7
ENRIQUE,7
NOGUEIRA,7
JOINEUS,7
DURAND,7
EGEA,7
HUENEQUEO,7
BALDOVINO,7
CHEUQUEO,7
MARIUAN,7
GUANCHEZ,7
SCHULTZ,7
ATACO,7
SIUCE,7
YSIDORIO,7
QUEMEL,7
DILONE,7
DOUSSANG,7
TARQUI,7
MARTiNEZ,7
FREUD,7
SANDON,7
CONUS,7
BALTAZARD,7
CARPINTERO,7
OLMO,7
CHARLOTIN,7
CHIGUAY,7
MONTANER,7
MONZON,7
OYOLA,7
DESROSIERS,7
SAMANIEGO,7
DIPRE,7
TENE,7
ARAUCO,7
PAREJAS,7
TORNEL,7
LOUIME,7
RAVET,7
GOYOSO,7
RALLIMAN,7
RANGUEL,7
BATAILLE,7
CHAVARRIGA,7
PASCARELLE,7
MONETTE,7
ORIHUELA,7
NAVES,7
ORUE,6
SUTTA,6
ALDAYUZ,6
KOHLE,6
MONREAL,6
FUTALEF,6
ASPRILLA,6
OSSORES,6
HOLTMAN,6
NEHUELPAN,6
PROBOSTE,6
QUINTUQUEO,6
WIENBERG,6
CHERY,6
CORUCI,6
REVILLA,6
TASSIN,6
RONDANELLI,6
ATEAU,6
SANGROIS,6
MICHEL,6
PINEIRO,6
ALOSILLA,6
LOOR,6
PARENTI,6
VITADO,6
GABRIL,6
RUMIAN,6
COMPAZ,6
MARIPANE,6
ZALDIVAR,6
HONORIO,6
SANOJA,6
SÁEZ,6
BOTELLO,6
RICHTER,6
AYOVI,6
LABEE,6
CALIFIQUEO,6
LOVIME,6
ESTACIO,6
ZARPA,6
PINEMAL,6
PELLIZARI,6
CHASARRO,6
ZAHID,6
CHALES,6
MARTURET,6
GUENCHUR,6
ALIZO,6
GENAO,6
SIOSI,6
ANDIA,6
MANTEROLA,6
LEDEZMO,6
NUYAO,6
NEGRONI,6
BAPTISTA,6
CHICLLA,6
AZÓCAR,6
QUILLALEO,6
CARAVANTES,6
CALFULEF,6
CLAVEAU,6
CASONIS,6
RUSQUE,6
ROCCO,6
BULNEZ,6
TELLERIA,6
CAYUMAN,6
SKAIDA,6
VALLADERES,6
LEGUEQUE,6
ALTAMIRO,6
YEPE,6
SEBASTIAN,6
MOLLO,6
PASCASIO,6
FELIZ,6
TRIPAILAF,6
AVELINO,6
ZAPALA,6
BEAUMONT,6
PLUAS,6
COÑOEN,6
MARREROS,6
URQUIZA,6
DUNER,6
YANESZ,6
ZAGAGLIONI,6
CARLOSAMA,6
BERSOSA,6
BAGUETTI,6
BENOIT,6
HUALME,6
CHUMAI,6
HILL,6
ARNES,6
RULES,6
SASO,6
MAUTINO,6
CORDOVEZ,6
JAURE,6
QUEIPUL,6
MANQUILLO,6
MARROQUIN,6
CUADRO,6
AILLAPI,6
ENGEL,6
CENA,6
GUILLIPAN,6
RIENNE,6
VARGA,6
VALDEBENTIO,6
PLABERCIA,6
ARAKAKI,6
LINCHEO,6
MARIZ,6
RORE,6
AGUAZE,6
ZEA,6
CURAPIACA,6
HUANAMAY,6
ITEM,6
ANTUNES,6
CELCI,6
LANDERETCHE,6
DERILUS,6
PAILLAFIL,6
PILQUIÑIR,6
AVARIA,6
ADRIAN,6
TESORERO,6
MIÑOZ,6
GUALDRON,6
BAITHWAITE,6
HENRRIQUEZ,6
PALLADINO,6
AZOÑERO,6
MARTÍNEZ,6
CANTILLA,6
MACHAHUA,6
RUBIRO,6
HUITREÑAN,6
FALCK,6
HUICHAO,6
CALAMITAS,6
ARREGOLLO,6
QUINTULEN,6
ARREY,6
CARRRERA,6
MADURO,6
COLLAVE,6
BERROSPI,6
RUJANO,6
TRENFO,6
MACHUA,6
MAGUIÑA,6
LISCANO,6
LEPUMAN,6
CAMEÑO,6
SOLARZA,6
HUINCO,6
CURITOL,6
BOZZO,6
FASANANDO,6
GAEZ,6
COPPA,6
ALBERT,6
SANTELIA,6
ZARRICUETA,6
FACCIO,6
CHEUQUIANTE,6
BIGLIA,6
SILVERIO,6
ANTONELLI,6
HERNNADEZ,6
CHRISPIN,6
ASSAD,6
LEDEZMA,6
PONZOT,6
PRENAFETA,6
ANAVALON,6
SBARBARO,6
CENTENZIO,6
VILLACORTA,6
ICOPRE,6
LUCUMI,6
ALMEIDA,6
EUGENIO,6
HUECHUMAN,6
PUEIPAN,6
MARILLAN,6
SNEDIC,6
MALLQUI,6
LLANQUI,6
ARETAGA,6
TREUMUN,6
PODEST,6
REMARQUE,6
BLAIZE,6
LETRANZ,6
ALVA,6
SPEER,6
EGUSQUIZA,5
RAZURI,5
FRIOL,5
CONTETRAS,5
PUERTA,5
SABEL,5
INOCENTE,5
LINCAQUEO,5
ALABARCE,5
ARBITO,5
LAGUERRE,5
DAÑIN,5
PANAITO,5
TORCATT,5
bello,5
GALVANI,5
CAVAGNERO,5
DUROSIER,5
MALGUE,5
AMIN,5
MIRAQUIAN,5
POLLALEO,5
MAGNAN,5
MAURICIO,5
MARIL,5
ARZOCA,5
SAUGENE,5
CADIS,5
RANQUE,5
HUENCUMIR,5
VALDOVINO,5
HUIAIQUIMIL,5
MARCELO,5
MENDEL,5
TUMBO,5
UGAZ,5
ALAMA,5
GONAZALEZ,5
IBARGUEN,5
COÑUEPAN,5
TELLEZ,5
VELLIS,5
BRIOSO,5
CHICO,5
BALAREZO,5
DOMIHUAL,5
Rubio,5
PLAISIVAL,5
COGGIOLA,5
CARRERO,5
VILLOUTA,5
CALLUMAN,5
CALCHEO,5
SEMENARIO,5
MESTANZ,5
SANHUEZO,5
YOY,5
ZUBARZO,5
MATURRANO,5
CAZAUX,5
COJUL,5
CALFU,5
FUNNYMAYOR,5
RUPAYLLA,5
MIGUELES,5
MANQUES,5
SCANY,5
GODAS,5
MANQUEHUAL,5
PANDURO,5
CABEZON,5
POMA,5
JOLICOEUR,5
DESHOMMES,5
ANCHICO,5
ALCINDOR,5
ERTE,5
ALBIAL,5
BIZCARRA,5
TEIHUEL,5
REATEGUI,5
RIVELLI,5
PLUMAS,5
ALVARO,5
PABON,5
ROSSELLO,5
PANIAGUA,5
MALOY,5
FRANCESCHI,5
TOLRRAZ,5
CRETTON,5
LOAYSA,5
MORANDE,5
QUEENSIZE,5
PICOL,5
ALEJO,5
DOLCINE,5
TROMILEN,5
MELILLANCA,5
CURILEM,5
CHUMAY,5
PEÑALBER,5
CHURACUTIPA,5
SOREANO,5
PONTON,5
RICA,5
SEMINARIO,5
HUELIPAN,5
BERNARDI,5
LIPILAO,5
CURIHUAL,5
HUITRA,5
REREQUEO,5
MOLLENHAUER,5
PAINEMAN,5
LABBÉ,5
VALERESA,5
LLANQUIMAN,5
QUINTRICON,5
ARAGORT,5
VILET,5
CAJA,5
NERIS,5
CHEUQUELAF,5
CHEUQUEHUALA,5
POILLOT,5
TORDECILLA,5
PRAMS,5
VALLADOLID,5
WILLS,5
MARGAY,5
GLOBOS,5
SANZ,5
MACANO,5
CHONATE,5
LEFITAN,5
LUPACA,5
RAGGIO,5
LATAPIATT,5
GUAPACHA,5
MENAY,5
BASUR,5
ITRIAGO,5
GUSTOFF,5
WDLINE,5
DIOSA,5
AREND,5
BAVESTRELLO,5
PIANEN,5
SIEVEKING,5
FALCONES,5
RIOJAS,5
OJANAMA,5
BRIGNADELLO,5
CONTALBA,5
Inostroza,5
DURÁN,5
SEVERE,5
CHERISA,5
CUAURO,5
ABELLA,5
MARCHINI,5
WADDINGTON,5
ESPONOZA,5
TILUS,5
BERNAS,5
ÑANCUNAHUEL,5
URBANEJA,5
ADAMS,5
TRAGA,5
ANCAMILLA,5
ESCANDOR,5
CALDAS,5
MINGUEZ,5
DUGARTE,5
GUITIERREZ,5
URQUIOLA,5
LAVEZZI,5
HEILIG,5
ALZAMORA,5
ALAGAR,5
BLAISE,5
AICON,5
JATIB,5
CONCHORI,5
FORT,5
PERAZA,5
ALZEGHBI,5
REGUERA,5
DONDORI,5
LINCOÑIR,5
RIOJO,5
PERERA,5
DELGADILLO,5
IDROBO,5
AROCAS,5
DORSAINT,5
LIÑE,5
SAGARAY,5
ALCHAHUEÑI,5
CARETT,5
METHELUS,5
THERMITUS,5
AURILUS,5
BILLAULT,5
VASUQEZ,5
MONTRE,5
NIEMEYER,5
JACANAMIJOY,5
VINCENT,5
ZOBARZO,5
PITTO,5
TROSTEL,5
OSPINA,5
ROTELI,5
IMIL,5
REMEDI,5
BRUNETTI,5
CADAVID,5
GOURVES,4
BANDALES,4
PIRULAO,4
RIZZO,4
VALECILLO,4
ESPIN,4
PORTA,4
GAYASO,4
MARIELO,4
IMIO,4
LLANQUIN,4
LAFERTE,4
SPEEN,4
COTAR,4
MACHIN,4
CRUELLS,4
FONTANILLA,4
PERES,4
ROMEUS,4
CUQUIMIA,4
BOUFFENAIS,4
DADASKE,4
CURAL,4
ODARRAGA,4
CACEDA,4
NICHE,4
TORRADO,4
HANDKE,4
RUSSEL,4
LORENZEN,4
JOTA,4
ANCOMILLA,4
NONA,4
TOBA,4
GUSTAINSSON,4
CECULQUEO,4
MENCO,4
MIÑOS,4
SANGAMA,4
MIGUELETTO,4
ANCO,4
AREDONDO,4
TAVERAS,4
VILMA,4
DINGALLE,4
MUENA,4
LIBERANA,4
PAÑACIO,4
AGULERA,4
MILLAHUAN,4
CCATAMAYO,4
PAILALEF,4
UBAL,4
GUANIPA,4
CHEUQUEL,4
GUENCHUL,4
TIERRO,4
CARBAJAL,4
GADEA,4
DOLZ,4
RUSAKOVA,4
SAURE,4
CHIHUAN,4
PITRIPAN,4
CAMARENA,4
MONJES,4
GUDIÑO,4
SURA,4
WILLIAMS,4
CIENFUEGOS,4
CHAPARRA,4
HIMIHUALA,4
BERMEO,4
CURIÑIR,4
VALAREZO,4
HOLSTEIN,4
COLIAO,4
SILVEIRO,4
VICENTELO,4
PHANORD,4
BARBETTY,4
BRICE,4
ESTUARDO,4
SULANTAY,4
CAIZA,4
DORELAS,4
CALFUALA,4
CHOÑIO,4
HORMAZAVAL,4
LABOURDETTE,4
URTUNDUAGA,4
MILESIN,4
MARIMAN,4
OSPINO,4
QUIJANES,4
SCHNADT,4
CALVIL,4
LUIS,4
ALBANESE,4
TEJTELBAUM,4
JULCA,4
CAMILLE,4
TRAFILAF,4
MANZUELA,4
CARAVANTE,4
CHRISTO,4
BARROETA,4
DAHLBERG,4
FABIEN,4
BELMAN,4
OROPETA,4
COREY,4
THEZAN,4
PAISPAN,4
FILLA,4
GALIDEZ,4
GRECO,4
RIBOTTA,4
VILLAFUENTE,4
JUILLET,4
ALBINO,4
SINAUS,4
NATTINO,4
PALLINAO,4
PLAISIMOND,4
DAMIAN,4
TEJEDO,4
CHARRIS,4
MONGE,4
CASIS,4
YCHACCAYA,4
LACOUR,4
KONING,4
DELCAME,4
CONSTANTE,4
DOIZI,4
CHANQUEO,4
HEICHAQUEO,4
BOSQUES,4
ALDAVA,4
CINEASE,4
MAYO,4
DEVOTA,4
VELASQUES,4
MAIZ,4
LOZIER,4
NOYA,4
HUALTIPAY,4
CIFRAS,4
OLMAZAVAL,4
BREVEZ,4
MENE,4
QUINCHAMIL,4
KAUFHOLD,4
BALAÑOS,4
ANDRE,4
FEQUIERE,4
NAPOLES,4
HARRASOWIT,4
REGUEL,4
TOBAODA,4
OYANDEL,4
CARILDO,4
JHON,4
ROBLERO,4
CHIHUALAO,4
VARETTO,4
LENAELLE,4
CHONA,4
CATATEYS,4
IZAMIT,4
SUMOZA,4
FRANCHI,4
MALINA,4
MAYER,4
SALDÍAS,4
GRIZ,4
STEVENSON,4
GUACHAPAI,4
LEFICURA,4
MASCAREÑO,4
QUINZACARA,4
CHOQQUE,4
MOSQUEA,4
BECERA,4
MARZAL,4
ARANQUE,4
KEI,4
MILLON,4
MELIQUEO,4
RIESCO,4
BROUSSET,4
CUMILLANCO,4
HACE,4
MANQUIMILLA,4
PARKERS,4
BISAMA,4
MARINOS,4
BORRERO,4
JORGE,4
OYARZUA,4
SERON,4
ALAPE,4
YAMANI,4
ESTELUS,4
UGUETO,4
SANGUINETTI,4
BULLONES,4
CARRASCAL,4
LAFANTT,4
LLANCALAHUEN,4
FRANGIS,4
DUMOND,4
ORDENAS,4
APELEO,4
CARAMAUTO,4
HUAQUIMIL,4
TELL,4
LONCOPAN,4
HERNANDES,4
HIGUIERA,4
LLANCANAR,4
APABLOZA,4
MARIÑAN,4
MOLINEO,4
parra,4
AGUINO,4
TRAMERAO,4
LADINO,4
CUTIRE,4
PULGARITO,4
MOTIS,4
CURIÑANCO,4
MARTELL,4
OZETA,4
BATIOJA,4
SANDER,4
AGUANES,4
FORTUNATTI,4
BUSTCOVICH,4
TERUMA,4
FREITZ,4
AIRALDI,4
QUENDART,4
OLEO,4
TUREO,4
DESTIN,4
ORRALA,4
DUVO,4
MANCANO,4
TORNEIRA,4
NODAS,4
SALDARRIAGA,4
CASIMIRO,4
ARIS,4
ORISSAINT,4
HUENCHAN,4
BARREDA,4
HUAYHUACURI,4
COLLILEF,4
SALI,4
PINA,4
MONESTINE,4
VALDEIGLESIAS,4
MARSCHHAUSEN,4
DORVIL,4
PINCAY,4
CORONIL,4
LLANCAFILO,4
IRACHETA,4
SABATE,4
TERREBLANCA,4
MONTEFINALE,4
OZUNA,4
SANQUIZ,4
HUENTECOL,4
MONEDERO,4
SOLEDISPA,4
CORPORAL,4
GEORGE,4
ELGUEDA,4
VALENTIN,4
PICHICOI,4
OLETA,4
BEDREGAL,4
OCARANZA,4
TORIFEÑO,4
BORJA,4
SARRUA,4
ALCALA,4
COLLILEN,4
GRONGROZA,4
VESZPREMY,4
BALLENA,4
NICASIO,4
ÑEGUEY,4
FARIÑAS,4
PANQUILEF,4
TARIS,4
CEBALLE,4
NAIPE,4
TONUSCO,4
ROFRIGUEZ,4
ECHEVERRI,4
LINCOLAO,4
CHARCOPA,4
ZOU,4
CANCADA,4
ARANGUIZONES,4
CORTROS,4
NUYEAS,4
GARI,4
ANZOLA,4
MIÑANO,4
DOMINGO,4
DONKE,4
BERROTERAN,4
GANTER,4
TARISFEÑO,4
MARGAS,4
MAUMA,4
ZURRICUETA,4
LLANCAMIL,4
MICHEAS,4
NAPAN,4
GALINDEZ,4
CARRAY,4
VEROIZA,4
REINAO,4
VILFORT,4
CHAPPA,4
BARBETY,4
meneses,4
RUBINO,4
TRECANAHUEL,4
BALONTRA,4
NAZARENO,4
MIÑOPE,4
TARACHE,4
RAIMAN,4
GUARECUCO,4
LOHANS,4
SERENO,4
SANTILLANA,4
RIEGER,4
SICCE,4
NORA,4
HERASME,4
PAUCARCAJA,4
MAURE,4
PEYRAN,4
ABRIGA,4
ILLANARO,4
FRENCKEL,4
JOSE,4
SUMONTE,4
CALBULLANCA,4
ARMINGOL,4
LAREDO,4
NECULEO,4
TACINO,4
RAILLANCA,4
INOSTROSA,4
PARENTII,4
ESPICHAN,4
CLAUDIO,4
CASMER,4
OYARSE,4
FEREZ,4
RIDEAU,4
CHAMBI,4
DIEVELINE,4
ESQUILLA,4
KEMP,3
TAPÍA,3
CHAPMAN,3
VILLASCUIL,3
NULL,3
CAILLIPAN,3
AMAIQUEMA,3
CATRIEL,3
CONDORAPA,3
LEIDENS,3
MORALEA,3
CARISEO,3
VILLAFA,3
GUSMARY,3
ILIGARAY,3
CARACAS,3
NAWRATH,3
ALBANEZ,3
PISCO,3
ANIBAL,3
LANAS,3
BART,3
CABA,3
MARCELIN,3
CHIGUAI,3
FONTALVA,3
PAKARATI,3
FONTECILLA,3
DUVERNA,3
OUBRUZ,3
GULLES,3
SEIT,3
KROCH,3
LAVADOS,3
CEXIL,3
FAUSTIN,3
COLONIA,3
DÍAS,3
LIZARDI,3
ARNAGUIZ,3
MONASSE,3
CAYUMIL,3
MALLEO,3
ALEXANDRO,3
QUEUPIN,3
PRETELL,3
LAURIT,3
MONASCAL,3
LANDETA,3
COSCUDA,3
HANKE,3
TOBILLO,3
ITURRIA,3
SEGUIN,3
HUAQUIMILLA,3
NANCABIL,3
HUIRCAMAN,3
SINOPHAT,3
MITE,3
LLIQUIMAN,3
ABELLARD,3
PHILOME,3
MANQUILEPE,3
MANCHILEO,3
VILUS,3
ZEGARRA,3
LANGE,3
POBLETA,3
HUENTEÑANCO,3
MAYOLAFQUEN,3
LEVIMAN,3
LAVAL,3
DIEZ,3
HUIRSE,3
CAMUENDO,3
BEANI,3
PUTAPAÑA,3
CIELO,3
CUANTE,3
VERTIS,3
CENTURION,3
AVIAL,3
BASTIA,3
MUNDO,3
PASMINO,3
MARCOLETA,3
LOBOA,3
SMAR,3
MINES,3
BRANCHEDOR,3
CABASCANGO,3
BALLENTEROS,3
BANABARRE,3
HUENCHUR,3
GUILLAUME,3
ARJONA,3
ÑACULAF,3
PARENTTI,3
RIVERRA,3
JEROME,3
OBONAGA,3
LAURA,3
LAFOGUE,3
BONDA,3
VILLABLANCO,3
NICHOL,3
ARCENCIO,3
BABILONIA,3
FLORESTAL,3
SAUCEDO,3
ANCHETA,3
ANCULEO,3
LARRAGUIBEL,3
Contreras,3
KASPEER,3
IDROGO,3
MONE,3
VAZQUEZ,3
NAHUELANCA,3
GASC,3
LLANQUIHUEN,3
CHEVALIER,3
AHUANARI,3
ANTIPICHÚN,3
LINCONIR,3
DECEUS,3
QUELLANA,3
HUANCAYO,3
USCAPE,3
SIHUINCHA,3
GUÑIDO,3
OLIIVARES,3
MAYLLE,3
PADIERNA,3
FANDOVAL,3
HERNAO,3
PAINEQUEO,3
PAINIQUEO,3
VILLENAS,3
LABOSSIERE,3
ABARCIA,3
FREMONT,3
BAZILE,3
MONTILVA,3
ECHAVARRIA,3
VILLAOBOS,3
HUINCHAL,3
SOREYLIS,3
NAVEAS,3
LUBI,3
NEMOCON,3
MAGUIÑO,3
ARAUZ,3
SOT,3
AVILEZ,3
PALIZA,3
ALTAMIRANDA,3
SOBINO,3
NICULCAR,3
SANGRONIS,3
MEOLE,3
BRENIL,3
GARELLI,3
FERNANDOY,3
DEROTO,3
GRATERAL,3
LENTUREO,3
LEVI,3
ROO,3
LAZZARO,3
MAZURETT,3
COÑAPI,3
OSSANDÒN,3
UNDIKS,3
quezada,3
CODELIA,3
BRUNEL,3
FAUNES,3
BARRANCO,3
RAIMILLA,3
MELGAR,3
PIANAMA,3
CATELLANOS,3
JUSTA,3
RUT,3
JAIMES,3
PEÑARANDA,3
BASANTA,3
GHINAGLIA,3
UBILLAS,3
FERRERAS,3
ANOZIER,3
ALACILLA,3
PELAYO,3
HUENCHUO,3
PUEBLAS,3
ILLICACHI,3
CALFUANE,3
PIMINCHUMO,3
BURTON,3
OYARZÚN,3
BALTRA,3
ALBURQUEQUE,3
CARDAZO,3
ABATE,3
HUECHUAL,3
RIVADEIRA,3
CABADA,3
SALGUERO,3
JALLO,3
GARTE,3
PABLAZA,3
HAILLA,3
MATHIEU,3
MITA,3
PAILLAVIL,3
JAROBA,3
CLENCI,3
VISCAINO,3
GUEARA,3
VILLACEN,3
AYLLON,3
PIÑANGO,3
ONGARO,3
MENELAS,3
SUBURI,3
LOZA,3
FUENETS,3
BERROTAN,3
CARBONELL,3
MATTENSOHN,3
MALDINI,3
ANTIAO,3
GUANDINANDO,3
MATHUS,3
LARRIEUX,3
TRAVOL,3
MIL,3
COYUMAN,3
PACHENE,3
HUENTUNA,3
CHANACO,3
VILELA,3
BOADA,3
NEGRIN,3
CISTERAS,3
RESURRECION,3
FABIAS,3
GUILLERMIN,3
CHEUQUEMAN,3
GAMBONI,3
COLLANTES,3
ARISTILDE,3
RANIEN,3
PULINAR,3
PARIANO,3
CARHUANCO,3
MANRÍQUEZ,3
URAY,3
STEIN,3
CURRIN,3
YAGI,3
CALBUCURA,3
YEVENEZ,3
RILQUELME,3
VALOR,3
SANGANIA,3
QUEUPUL,3
COLNE,3
HOLTMANN,3
REINALDO,3
VARA,3
DELIZ,3
CALCINAS,3
LECCA,3
APINAYE,3
LARRONDO,3
COLLÍO,3
UNAMO,3
CANIUNAO,3
HOLLUB,3
RANGUILEO,3
REVILLOD,3
LAROSE,3
LAVIGNE,3
LORMETUS,3
PANTA,3
PLATA,3
ANTIHUAL,3
STIZ,3
DELLEPIANE,3
CEUS,3
MILLAGUEL,3
CURIQUEN,3
ALIENDRES,3
CANELON,3
PERELLO,3
LONCOCHINO,3
REYNA,3
MANSO,3
ASTARGO,3
CAIECEDO,3
RAVONA,3
JAZMIN,3
CHUREO,3
AGUEDAS,3
TEHERAN,3
FORES,3
KINGLEZ,3
SAVIAL,3
AREVENA,3
AVESCAT,3
OBERTO,3
MENDUIÑA,3
JACMEL,3
CATRIAO,3
WINLO,3
MORETT,3
SOTHERS,3
LALUAN,3
PONTE,3
CHAPUÑAN,3
DONAS,3
RIEGA,3
CARCELADES,3
NELO,3
ALDUNDE,3
PAPIC,3
OCANDO,3
PAUCAR,3
MONSERRAT,3
TAPULLEMA,3
ANTRIS,3
ANDAMAYO,3
RESULME,3
BARBA,3
BASTO,3
INCIARTE,3
BOSQUEZ,3
BERNA,3
ANGUITA,3
IMBODEN,3
HUAMAR,3
TERRAZA,3
DUPERVAL,3
BLASQUEZ,3
DAMAZO,3
MEFELOT,3
LASCANO,3
DAYNE,3
TRIPAILAO,3
TANANTA,3
PANEZ,3
CARRAZANA,3
PORTOCARRERO,3
GRANADILLA,3
COUSIÑO,3
TEMPO,3
ALBA,3
FERREGU,3
HELLIOT,3
JOFRÉ,3
LOVATE,3
YNFANTE,3
ASTROZA,3
PAIMA,3
FLEUR,3
ISQUIER,3
EPULLAN,3
NECUÑIR,3
CANCHINGRES,3
ESPORMAN,3
HUENTECONA,3
DEROULEAU,3
MALAIKA,3
TABORDA,3
GRAMMELSTORFF,3
BONTA,3
ESPAD,3
CALDEA,3
AGILAR,3
CAPOT,3
CIERO,3
AYBAR,3
CHEHUIN,3
MAHECHA,3
HIGINIO,3
PICHAUN,3
SALZAR,3
PREVILE,3
GUANIDA,3
CORADA,3
NUR,3
FACTOR,3
CERRUDO,3
LLOYD,3
GAMINAO,3
CUBA,3
CONOTO,3
ALAY,3
MONTECIONOS,3
CAMAÑA,3
TRIPAILLAN,3
VELENZUELA,3
MALVOISIN,3
PAGE,3
DORIA,3
STUDER,3
PERILLACA,3
QUIRI,3
KAVIEREZ,3
NECUL,3
FROILAN,3
TOLRAS,3
MILLAGUAL,3
ADRIALOZA,3
CONEO,3
ALCOBA,3
BARRANTE,3
RECILLO,3
JBALI,3
COCHI,3
NEHUEL,3
FRAGOZO,3
SUESCOM,3
TANI,3
ABUSTO,3
ALMIDON,3
BARRIONUEVO,3
QUINOQUEO,3
ORTUÑO,3
COLILLANCA,3
MORAZZANI,3
ARROLLO,3
MALLORCA,3
MAULE,3
TABARES,3
LLARO,3
YUSTIZ,3
CHILCUMPA,3
LEPIANTE,3
ZEVALLOS,3
RIVEA,3
TROPA,3
ALOY,3
MAZINNE,3
BELTRES,3
VICHES,3
COPPIA,3
CÁDIZ,3
PEDREAÑEZ,3
SANCHES,3
SIMONE,3
QUENA,3
ZENDRINI,3
ELUCIEN,3
ANTICONA,3
QUISEL,3
HUECHAPAN,3
CAÑOLES,3
LIVIPIL,3
PIERO,3
BALTAZAR,3
RAYMUNDO,3
SAPIAIN,3
TENEB,3
HOMME,3
SAENS,3
ARIGOSTZI,3
NECULPI,3
LOWIS,3
ZANABRIA,3
TINEDO,3
IÑIL,3
QUINTRAL,3
REZA,3
PANOCA,3
KUNZ,3
MANCERA,3
BIGOTT,3
TOYCO,3
STENGER,3
GUEDE,3
NAHUELAN,3
GUEDES,3
CORTÉS,3
CEDEÑA,3
ARCHILLE,3
MILLAPÁN,3
APRAEZ,3
ROMAR,3
FEMENIAS,3
NASTA,3
REQUEZ,3
MELECIO,3
HUNTER,3
EDNARD,3
CONNEN,3
HUICHAL,3
ZANNI,3
FREITES,3
RUA,3
QUINDE,3
BASILIO,3
VILLANOVA,3
PITICONA,3
NMORALES,3
BLAU,3
ZUNIAGA,3
AGAPITO,3
MONNELUS,3
SULLA,3
MORIN,3
GHA,2
SUASACA,2
CAYUNAO,2
WACKERLING,2
TREBEJO,2
CEREÑO,2
FONTEALBA,2
CABAL,2
CAMPBEÑÑ,2
LINCOQUEO,2
SASTE,2
CARVIERES,2
CHANGAROTE,2
PANEZCO,2
CINACORE,2
CHAMBILLA,2
YORIZ,2
ARRINGO,2
GALLEGILLOS,2
LUFIN,2
DONNAR,2
HUASCO,2
LAMARRE,2
TAMANI,2
CARHUAJULCA,2
HODOR,2
REGEASE,2
CHASOY,2
RABI,2
SEGUERI,2
NORRUS,2
DAGUER,2
ESOBEDO,2
ESTIPUÑAN,2
LITANA,2
LEE,2
BAXTER,2
CHUMPITOZ,2
FERNANADEZ,2
BETTANCOUR,2
CATENACCI,2
NATALY,2
MERICONA,2
MORY,2
BANEGAS,2
IÑINLAF,2
HUME,2
HUENUAL,2
ALCARRAZ,2
SABOGAL,2
SANDOBAL,2
Navarrete,2
HUAMACHUMO,2
YONCO,2
HUINEO,2
DUMULEF,2
PERLATA,2
VIRACUCHO,2
TARILO,2
CAMAN,2
VASUEZ,2
RIOJA,2
CAMA,2
GASSON,2
FRUTTERO,2
FRIX,2
PAILLAMILLA,2
NAHUELCOY,2
BONY,2
PEREFAN,2
VIVERS,2
YAJURE,2
RAIPAN,2
TRAQUINE,2
MOGUERA,2
ANTEMILLA,2
CHAYAPI,2
GUILMAI,2
YARANGA,2
ERACIN,2
LAVANDERO,2
NOTO,2
BINIMELIS,2
JOEL,2
BEAUVAIS,2
ZARABIA,2
BALANTA,2
NOCE,2
CAVAGNOLA,2
GAINZA,2
ROSILUS,2
ILLANEZ,2
HUENCHECOY,2
YAGUAL,2
CAMARADA,2
NIGUERRA,2
ÑALCUMIL,2
CAMICO,2
HUALQUIMIR,2
ESPRONCADA,2
TRECAN,2
BAROS,2
LAB,2
GIANNONE,2
DAVADIE,2
PERAGINE,2
BRUZZONE,2
NECULPAN,2
CALCUMIN,2
VICUÑIR,2
TRONOCOSO,2
MOCA,2
RAHIMAVA,2
EDME,2
LOYO,2
QUELCCA,2
TICLAYAURI,2
COICO,2
NAHUALCURA,2
BARRIAS,2
RICHARDS,2
GALICIA,2
CALFULAF,2
TALAVERA,2
HUMAN,2
MOLDENHAUER,2
NORIEGA,2
ANRANGUREN,2
BASCUÑANT,2
GIUSSEPPE,2
KLIGER,2
ASTUR,2
BUELVAR,2
HUENUPE,2
HIRAN,2
CHAVARRÍA,2
RIQUENA,2
ATHO,2
TRULLEN,2
ALRRINGO,2
MENDIETE,2
NILIAN,2
CASANGA,2
CENON,2
AYUSO,2
HUAQUILAF,2
ALDAO,2
CAPELLI,2
PATON,2
MOTTO,2
MARIA,2
Mallea,2
TICONO,2
BIZCARRO,2
FRANCH,2
ZAAVALLA,2
REHBEIN,2
YAVAR,2
BASTARDO,2
Mosquera,2
CASALES,2
HINOJOZA,2
ZUBICUETA,2
MANCEAU,2
MARRIAN,2
OLMI,2
SILUPU,2
ROVELO,2
ANDAGOLLA,2
BASAUL,2
QUINTUN,2
PIERREVIL,2
RAVELL,2
VALANTIN,2
WEKY,2
MATTER,2
Ruiz,2
JEVIA,2
VIGORES,2
RIOFRIO,2
MAVAEZ,2
TAMARIZ,2
NOLAN,2
CURALLANCA,2
CAÑONAO,2
DOLCEUS,2
NATALI,2
ALIU,2
GAUCHET,2
ALCORTA,2
DORSAINVIL,2
SIMAO,2
ZELEYA,2
MALVERDE,2
BRITTO,2
CALDERÓN,2
JOINARE,2
BOSAURE,2
PHAILUS,2
LANDAZURI,2
LOLI,2
ALSAINDER,2
SALON,2
ordoñez,2
AZALDE,2
ZAVATA,2
PIEL,2
AGAMA,2
CEREY,2
ESTUDARDO,2
BURQUEZ,2
MILLAVIL,2
DAVIEDS,2
POSSO,2
PINTADO,2
HUIQUINAO,2
BONOMELLI,2
ALEÑIR,2
PINOLEVI,2
CANIFRU,2
ESPUÑAN,2
MINOTTA,2
MANARES,2
OSUNA,2
BLANCA,2
LUCIO,2
LEIPANER,2
TOCIGL,2
CUMPA,2
LEGUIZAMON,2
BOROA,2
SILES,2
CAFIÑUR,2
MECHADO,2
ASALGADO,2
QUINCHA,2
BACOVICH,2
BANGUERO,2
CHALEN,2
DECEMBRE,2
SNYDER,2
YAMBAY,2
NAHUELTRIPAI,2
THERAMENE,2
COLIÑANCO,2
ALCAPÁN,2
ARISTIDE,2
vargas,2
CAMARIN,2
ASPAJO,2
BROOKS,2
REINAL,2
ACEBO,2
CAÑIZALEZ,2
PINCONI,2
HUELNULEF,2
ALDOPHE,2
GAMBINO,2
IRRAZA,2
MOMPLAISTR,2
GRIMALT,2
SILIUS,2
ARGUELLER,2
YARASCA,2
PICARDO,2
ESCARES,2
NEMPU,2
HAAG,2
LACOMBE,2
TENDERINI,2
JERALDO,2
LIMARI,2
SMOK,2
PESCE,2
GALINDES,2
GENNARI,2
MAHAN,2
BALCAREL,2
POMBET,2
CALVET,2
TAMARA,2
SCHILLING,2
HACHER,2
CAUMAN,2
RESUC,2
MAC,2
POCHOCHO,2
ILARRAZA,2
ARRASCO,2
PELLER,2
MOTTA,2
COBEÑA,2
QUIJANDRA,2
QUERCERO,2
CIEZA,2
BAZO,2
CONQUISTA,2
BLANQUILLO,2
blanco,2
PAILLAMA,2
MONENI,2
PLAGGES,2
ALÉ,2
SAMUDIO,2
PICHILEF,2
FARJE,2
LOZANA,2
TRAIPI,2
TRUCKENBROD,2
LUPERON,2
BARQUERO,2
COLIPAN,2
ACHAMIZO,2
VITERALES,2
CHEUQUIAN,2
COLMENA,2
DAZ,2
QUINTEROZ,2
FORTILUS,2
CONSTANT,2
CHEUQUEPAL,2
PANDO,2
TORDEDILLA,2
PHILIPPE,2
MEZILE,2
COERTEZ,2
HUICHAMAN,2
WALLIS,2
ABRAHAM,2
OSORNO,2
CHABLA,2
CASCANTE,2
aguayo,2
ZAVALLA,2
ARABENA,2
MONDINO,2
CACHARIA,2
BERENSE,2
LAVERDE,2
UNION,2
DEVIS,2
BELLORIN,2
JAMAICA,2
CÁRDENAS,2
HUANEL,2
PERENA,2
ADOÑIE,2
ROSME,2
TUTILLA,2
APIAZOLA,2
ADONES,2
SFEIR,2
AGUIAR,2
ENRIQUEZ,2
LABANDA,2
ADROVEZ,2
HEIJBOER,2
QUETANT,2
CERCADO,1
RUBRO,1
GUENTECINO,1
BRUNO,1
ASIPALI,1
MUSRRI,1
ANGOTZI,1
BAPTESTE,1
JEANS,1
ESCALERAS,1
FABIA,1
HUCKE,1
NOCCETTI,1
CAIMAN,1
BOCOURT,1
MURRUGARRA,1
CABRAÑE,1
LIPAO,1
CHEUN,1
GERMUS,1
ANTIHUEN,1
ZOMILLO,1
BARNECHEA,1
GUARJARDO,1
FLOREANO,1
CAMPI,1
ORLAS,1
ALLEGRIA,1
TICLAVILCA,1
CYRIL,1
ILUFI,1
YAURI,1
NEULMAN,1
PRATS,1
BASUALDO,1
DUCOS,1
CHUVIRE,1
TRASLAVIÑO,1
RIVETTI,1
MORGA,1
ANTIÑIR,1
ROMES,1
FERNNADEZ,1
CAPACINE,1
TOBAS,1
CARDENCIO,1
ORDUZ,1
MORALERA,1
NAHUELHUAN,1
SANTAFE,1
MAZZI,1
PINKAS,1
VALERIS,1
SINZA,1
TONELLI,1
BAYONA,1
FERNANDOIS,1
RITCHIE,1
SALCES,1
YUVANA,1
GARRAUD,1
VINCHALES,1
SAGASTEGUI,1
SONEDI,1
DABADY,1
LARROSA,1
GELVIZ,1
IQUIAPAZA,1
JORZILUS,1
CAYAMA,1
CHARCA,1
RECABAL,1
ZARA,1
HELMES,1
BALAN,1
OLARTE,1
MAUBRET,1
ASTRAIN,1
COLOCOY,1
MARQUES,1
PAUVIF,1
SALDARRIADA,1
QUEUPO,1
GORLITZ,1
SAMANAMUD,1
CHUMPITAZ,1
TAPA,1
YUNQUE,1
RIVES,1
DALE,1
CHEUQUELLANCA,1
MENOR,1
PREKINDER,1
LATORRES,1
VALIENTE,1
HUACHACA,1
ULACIO,1
SERRADA,1
LEVILLAN,1
TAHIEL,1
UNGER,1
VALDÉS,1
MILLAMAN,1
FOURNET,1
CARBO,1
MONARDES,1
VIRTO,1
RAUSSEO,1
ARENGAS,1
AFANADOR,1
BARRERO,1
BAZA,1
WALTEMATH,1
BELLINI,1
MATALALA,1
ARESTEGUI,1
VASCONCELLOS,1
PUICON,1
PARACAN,1
QUEUTREPAN,1
HERSKOVITS,1
MONTAU,1
CAVADA,1
PETTERSON,1
GADAL,1
REFULIO,1
MELL,1
ROSENBERG,1
ERIZA,1
TANAKA,1
WISTUBA,1
DURANO,1
PIERRES,1
MANYOMA,1
RIQUIELME,1
CHIPANA,1
PENNANEN,1
SARRIAS,1
CAIRO,1
GÁLVEZ,1
VITAYO,1
FARFÁN,1
LABRADOR,1
CLARO,1
SERGIO,1
BENITO,1
PEGUEROLES,1
NOLE,1
YELOR,1
VIVALLO,1
PARODY,1
lopez,1
ARISPE,1
CADOCEO,1
LABANESA,1
GUARAMATA,1
LOBOSS,1
CASABORNE,1
LABIA,1
SEVERICHY,1
VILLAVICIENCIO,1
SEYSSEL,1
THES,1
JUNCO,1
BATTISTONI,1
AIDO,1
VIRAS,1
MERCEDES,1
CERVERA,1
ALCOTA,1
KAVIEDEZ,1
CEJAS,1
CARNEIRO,1
AUSENSI,1
LLANES,1
SEGUIA,1
COBIS,1
SALAZ,1
BELTRÁN,1
GUILARTE,1
ARBULU,1
PARETTI,1
CORONADA,1
Vasquez,1
ARRANGUIZ,1
ELEVIAN,1
LIGUEÑO,1
Araneda,1
MONDESTIN,1
PERNI,1
CAMMAS,1
ALANA,1
BONILA,1
SMITH,1
DENJOY,1
MAYOMA,1
CANIPANE,1
LORESMY,1
CAYUYAO,1
JABALQUINTO,1
NORIN,1
CURILLAN,1
AUGUSTIN,1
SOIRILUS,1
OYARZUM,1
CHERRES,1
BANCLERO,1
GUEVADA,1
PICHUMAN,1
GIAVENINI,1
SERRUCHE,1
GUENTELICAN,1
OCASO,1
HOUDELY,1
CAÑULAO,1
PARQUI,1
MORANTES,1
SAJURIA,1
UCHOA,1
SAMPREDRO,1
RAQUILEO,1
ZAYAS,1
HUAIQUIO,1
PACHE,1
CHANCAHUANA,1
CASTRILLON,1
JUANILLO,1
ATACHO,1
ALCAGAR,1
CARDICHON,1
ODAR,1
CAMUN,1
MIEVILLE,1
MOCHEO,1
CABALCANTE,1
ANTILAF,1
INAREJO,1
LARIOS,1
GRIN,1
MILLAQUIN,1
RAFAILE,1
VIERAS,1
BLASCHANDOR,1
LEMONAO,1
REUCA,1
MESINAS,1
PREUZ,1
CAUCAO,1
TOCORNAL,1
CONAPIL,1
ASIS,1
MARCARIAN,1
FRREIRA,1
CONDORVILCA,1
QUIMBIA,1
PUCHARELLI,1
SOTA,1
CELI,1
AZAGRA,1
FREPE,1
GALALRDO,1
CANOVET,1
MESTANZA,1
LAFORTUNE,1
LARANDEROS,1
CATAÑEDA,1
ANWANDTEE,1
TRNCADO,1
ARIZA,1
MORETA,1
CLEMENTE,1
CARIHUENTRO,1
SALDIBAR,1
BALDEBENITO,1
NUNURA,1
RIUS,1
CAMBERO,1
HAM,1
GABY,1
MANGILI,1
DEUMA,1
QUINTUPURRAY,1
TUEVE,1
PARRY,1
PAÑITRUR,1
PALIMINOS,1
ROBIN,1
TRECANAO,1
INCISO,1
CARILLO,1
CALFILAF,1
DELVIA,1
CARENA,1
HUARACHI,1
FANEITE,1
ESCALTE,1
ESCARE,1
YEVENZ,1
BALVOA,1
CROCCO,1
MAYORCA,1
CHIGUAICURA,1
VILLALBA,1
VILLANCURA,1
LLANQUITRUF,1
NAHUELHUEL,1
HUINIQUIR,1
NEJIAS,1
PETICAT,1
ILERZIER,1
GARCEZ,1
EPUÑIR,1
MORADA,1
GERALDO,1
ALAVA,1
DELIAZARD,1
NARBONA,1
PINNINGHOFF,1
CAMERA,1
LEZCANO,1
ROSEME,1
Reyes,1
FONTECHA,1
ORASMA,1
MARTINES,1
