NOMBRE,Frecuencia
MARIA,65645
JUAN,43414
LUIS,39439
JOSE,37440
CARLOS,24191
MANUEL,19544
ROSA,17473
ANA,16073
VICTOR,14552
JORGE,14220
SERGIO,13864
HECTOR,13697
MIGUEL,12164
PEDRO,12090
FRANCISCO,12053
RAUL,10260
MARGARITA,9084
JUANA,8705
CAMILA,8280
DANIELA,7823
JAIME,7703
SOFIA,7530
EDUARDO,7519
DANIEL,6902
PATRICIA,6751
HUGO,6721
CAROLINA,6659
RICARDO,6573
ROBERTO,6561
CONSTANZA,6332
NICOLE,6245
SANDRA,6226
CECILIA,6184
GUILLERMO,6128
OSCAR,6088
CLAUDIO,6057
FERNANDO,5961
LUISA,5894
BENJAMIN,5874
DAVID,5848
JULIO,5827
CLAUDIA,5821
HERNAN,5657
JAVIERA,5643
FRANCISCA,5551
JESSICA,5546
GLADYS,5541
CRISTIAN,5527
PATRICIO,5526
MARIO,5503
SILVIA,5386
ELIZABETH,5386
RODRIGO,5340
MARTA,5277
TERESA,5247
OLGA,5224
ALICIA,5035
MARCO,4962
VERONICA,4866
CATALINA,4831
MAURICIO,4811
ENRIQUE,4618
LUZ,4572
LIDIA,4570
SEBASTIAN,4546
MATIAS,4486
GABRIEL,4453
GLORIA,4426
MONICA,4411
ALEJANDRO,4292
CARMEN,4235
NICOLAS,4176
VALENTINA,4122
ELIANA,4120
VICENTE,4093
JAVIER,4029
NORMA,4024
MARCELO,3835
MATEO,3832
SONIA,3829
MARTINA,3813
FABIAN,3762
PAOLA,3753
BLANCA,3733
MARCELA,3680
ISABEL,3652
ARTURO,3643
RAMON,3638
KATHERINE,3634
ISAAC,3579
HILDA,3576
NELSON,3460
PABLO,3452
ALBERTO,3443
ANGEL,3395
LAURA,3375
EVELYN,3315
EMILIA,3292
ALEJANDRA,3289
MARTIN,3247
AGUSTIN,3197
EDITH,3190
IGNACIO,3177
CLARA,3173
JACQUELINE,3148
JOCELYN,3129
GABRIELA,3120
FELIPE,3120
DIEGO,3049
NANCY,2973
VICTORIA,2941
MARCOS,2937
SANTIAGO,2890
RUTH,2847
JOAQUIN,2839
FERNANDA,2828
SUSANA,2824
VIVIANA,2794
AGUSTINA,2783
INES,2749
JESUS,2747
TRINIDAD,2722
GRACIELA,2721
ANTONIO,2706
SEGUNDO,2703
PAULINA,2697
ANTONIA,2680
CRISTINA,2666
GUSTAVO,2632
MERCEDES,2612
ELBA,2594
HERMINDA,2544
JONATHAN,2544
JULIA,2529
ANGELA,2525
BELEN,2521
YOLANDA,2515
SARA,2509
ELENA,2506
OSVALDO,2504
FRESIA,2470
ANDRES,2464
IVAN,2443
BARBARA,2437
RODOLFO,2413
MAXIMILIANO,2397
BASTIAN,2396
IRMA,2393
OMAR,2375
FLORENCIA,2370
ORLANDO,2368
BERTA,2364
GERMAN,2358
LYAN,2349
SAMUEL,2346
CESAR,2298
GENESIS,2287
PAULA,2263
NATALIA,2254
MIRIAM,2247
KARINA,2201
MAXIMO,2193
TOMAS,2185
ANTONELLA,2182
ANGELICA,2177
JENNIFER,2156
ANDREA,2156
DENISSE,2127
CHRISTIAN,2125
ADRIANA,2100
LUCIANO,2068
GASPAR,2066
ELSA,2065
ROMINA,2059
RENE,2057
KAREN,2032
ROMMY,2018
ELIAS,2004
ALONSO,1996
RUBEN,1981
ARMANDO,1976
ISIDORA,1937
AMARO,1925
DAGOBERTO,1901
MOISES,1889
VALESKA,1889
TAMARA,1834
LUCIA,1824
PAMELA,1811
HUMBERTO,1793
MARISOL,1792
MACARENA,1785
ELISA,1784
KEVIN,1781
EMA,1776
KRISHNA,1769
NOEMI,1769
MARIBEL,1764
ALFONSO,1752
NATALY,1745
CARLA,1727
EMILIO,1720
VALERIA,1713
DIANA,1692
LEONARDO,1690
ALVARO,1686
VIRGINIA,1680
SOLANGE,1661
XIMENA,1637
CRISTOBAL,1637
JOSEFA,1636
FLOR,1625
GERARDO,1618
NELLY,1615
ROLANDO,1602
FABIOLA,1602
SYLVIA,1600
ERICA,1589
RAQUEL,1574
MARJORIE,1573
DOMINGO,1569
ESTEBAN,1564
MAIRA,1535
ERIKA,1535
ROXANA,1518
MAGDALENA,1513
BERNARDO,1501
ALEX,1501
ISABELLA,1494
EMMA,1491
BERNARDA,1478
HERMINIA,1466
TANIA,1464
LUCAS,1454
ALEXANDRA,1435
AMY,1410
JULIAN,1404
IVONNE,1378
ARIEL,1377
JIMELA,1374
MAITE,1371
JENNY,1370
EMILY,1368
JAZMIN,1346
KARLA,1341
MICHAEL,1336
INGRID,1336
ERNESTO,1331
LORENA,1310
VANESSA,1305
ESTER,1290
EUGENIO,1290
CAMILO,1283
ANNAIS,1281
JOSEFINA,1278
LEAH,1273
DANTE,1269
BRYAN,1257
GILBERTO,1248
HERIBERTO,1247
MYRIAM,1243
GEORGINA,1241
ADELA,1241
ALEXANDER,1237
FLAVIO,1229
JASON,1219
DOMINIQUE,1211
MIRTA,1211
RAFAEL,1195
NORA,1193
STEPHANIE,1189
MARITZA,1174
ELVIRA,1174
JEANNETTE,1164
RENATO,1161
YESSENIA,1153
ISMAEL,1144
ROCIO,1141
ISRAEL,1132
EDGARDO,1128
PRISCILLA,1124
ALFREDO,1116
LUZMIRA,1115
REINALDO,1108
JEAN,1106
CONSUELO,1103
IRIS,1099
ESTEFANIA,1095
BEATRIZ,1088
AIDA,1082
VIOLETA,1079
MARIANA,1078
MILLARAY,1074
ALONDRA,1074
PRISCILA,1070
CRISTOPHER,1066
LIAM,1051
ALAN,1045
REBECA,1039
EXEQUIEL,1038
BELLA,1029
LEONEL,1027
LESLIE,1022
YASNA,1014
JULIETA,1013
JHON,1013
AMANDA,1012
FRANCO,1001
FELIX,997
JACOB,990
IGNACIA,990
EFRAIN,989
ERICK,981
HAYDEE,978
ALEXIS,975
CYNTHIA,960
GERALDINE,958
AARON,951
THIAGO,950
ERROLL,945
ROGER,941
GONZALO,939
PALOMA,932
GUILLERMINA,929
RICHARD,926
ANAIS,922
REGINA,911
DAMIAN,905
VALENTIN,902
MARIELA,902
MONSERRAT,886
SARAI,884
BRUNO,880
MIA,877
SIMON,873
NOAH,867
DANAE,867
RAMONA,865
JORDAN,858
BERNARDITA,854
AURORA,852
SCARLETTE,852
RENATA,850
JIMENA,848
ADRIAN,847
MELISSA,845
EUGENIA,844
MICHELLE,843
LUCIANA,840
SOLEDAD,836
IAN,835
ADOLFO,833
DYLAN,823
WENDY,822
EVA,820
JANET,817
PIA,807
HORTENSIA,806
SAMANTHA,793
AYLEEN,787
RITA,783
LEONOR,778
LIA,774
RAYEN,774
CINDY,773
LEON,772
EMELY,768
JOHANA,764
DIAN,764
EMILIANO,757
JUDITH,756
MATILDE,755
AXEL,755
ASTRID,752
SILVANA,749
OLIVER,744
NIVIA,744
DANILO,744
MARIANELA,744
LUCY,743
FRANCESCA,743
ERWIN,738
FRANCES,735
AMELIA,734
GILDA,728
LORETO,725
ELIA,723
ALMENDRA,721
NADIA,720
LILIANA,716
LORENZO,713
WILLIAM,711
DORA,709
WALDO,702
ORIANA,697
YARITZA,695
ALLISON,694
HORACIO,692
MERY,688
CELINDA,684
DORIS,679
POLET,678
IRENE,675
MARLENE,674
MONTSERRAT,673
YESENIA,672
WALTER,662
BRAYAN,661
SALVADOR,655
ROSAMEL,655
KIMBERLY,654
MAGALY,653
NEFTALI,650
ADELINA,648
EITHAN,645
THOMAS,642
MARINA,639
TIARE,637
ANGELINA,637
AMPARO,635
VILMA,633
MIREYA,626
EDISON,625
ESTEFANY,624
AMALIA,624
DAMARIS,622
JOHANNA,620
ROSARIO,618
VANIA,614
FLORENTINO,613
LINDA,610
UBERLINDA,606
CELIA,600
BRITANY,594
JOHN,589
ADAN,586
MABEL,581
FERMIN,581
MAYRA,581
FRANCIS,579
ARNOLDO,578
LISANDRO,578
NAYARETH,578
BRANDON,572
CATHERINE,567
FACUNDO,565
CATHERINA,564
BETSABE,564
MARCIA,559
CHRISTOPHER,559
JOHNNY,558
MARCELINO,557
ANDY,555
LEANDRO,551
ALDO,550
ROSALIA,549
EFFI,549
DARWIN,544
GISELLE,543
ANDREEE,536
PATRICK,535
ENZO,535
DOMINGA,533
NICOL,533
AMBAR,532
BORIS,527
ANASTASIA,524
OVIDIO,519
LIMANICA,517
SCARLETT,515
ABRAHAM,515
FRANCHESCA,514
MARIE,514
BRENDA,511
JOSHUA,510
PRIMITIVA,508
HENRY,507
AMADOR,506
SANTINO,504
MYHANA,502
PILAR,501
YORGELIS,501
LEYLA,500
CALIXTO,498
CINTHIA,497
ADELAIDA,496
YONMAR,493
LEOPOLDO,489
FILOMENA,488
BERNABE,488
THIARE,487
OCTAVIO,487
FIORELLA,486
RIGOBERTO,482
LISSETTE,481
NOELIA,481
NURI,480
JAIRO,479
ADONIS,478
EDITA,478
NAYARET,477
COLOMBA,475
HELLEN,475
OTILIA,473
ABIGAIL,472
DIGNA,471
LUCRECIA,471
MARGOT,471
ESTRELLA,470
ELOISA,468
CAROL,468
TATIANA,466
MARIANNE,461
ORFELINA,460
KELLY,460
ERNA,457
AMELIE,455
SOPHIA,455
QUERUBIN,453
MARION,452
CLEMENTINA,451
BAYRON,448
JEANETTE,447
LILIAN,447
JOHAN,446
ESTELA,446
NAOMI,443
AQUILES,442
WLADIMIR,441
ZUNILDA,440
YOHANNA,440
TABITA,438
JAQUELINE,437
PAZ,437
MATILDA,435
FIDEL,434
LUCILA,433
JIMMY,432
BENITO,431
YURI,425
KIARA,424
JOSUE,411
EMMANUEL,410
AMADA,409
FIDELINA,407
MATTEO,407
AYLIN,405
RAFAELA,405
TIFFANEY,403
JHAN,403
ESPERANZA,402
AYLEN,402
ANIBAL,402
WILMA,401
VALENTINO,400
GAEL,400
PASCUALA,400
ELDA,400
ERNESTINA,397
DAYANA,395
NAZARET,393
GIOVANNA,392
ALBERTINA,388
YANINA,388
ELCIRA,388
MILENA,387
JENIFER,385
PURISIMA,385
ANGIE,385
SCARLET,381
GERARDINA,381
ONOFRE,380
ROBINSON,379
MAX,376
LINA,375
EDGAR,375
MARISA,374
JACK,374
RUPERTO,374
YORKA,372
ZULEMA,372
ULISES,371
ROSSANA,370
JOEL,369
NELSA,368
LUCINDA,366
ELIAN,365
ZOILA,362
LORENZA,357
PEPE,356
CORINA,356
FREDDY,355
EULOGIA,355
NESTOR,354
MELANIE,353
PASCAL,353
URSULA,350
YASMIN,350
IVONE,349
LETICIA,347
ALBA,347
EDMUNDO,345
ALLEN,345
MARINO,345
MILENKA,343
ALISON,343
FANY,341
DINA,339
BALTAZAR,339
ERICKA,339
ALIRO,337
FLORA,337
DEMIAN,337
ROUSS,336
VALERY,336
FEDERICO,335
DANITZA,334
LUISANA,333
SAMY,333
ARAM,333
ALICE,331
ARACELY,331
JOVITA,328
PERLA,326
WILESKY,326
ISAIAS,325
INDIRA,325
GIOVANNI,325
MELINA,324
DARIO,323
MARISEY,322
ELADIO,320
FRANCIA,319
JAKELINE,318
LISETTE,318
CAROLAY,316
VITALIA,316
ISOLINA,316
SHLOMIT,316
MARICEL,315
ADA,314
NILDA,314
RAMIRO,314
EDELMIRA,312
MARISSEL,312
ETELENIA,311
FANNY,311
GRACE,311
EUFROSINA,310
LOURDES,310
MARCELINA,310
TERESITA,305
MAIRO,305
HAROLD,305
HELENA,305
ROSALINO,304
MARCIAL,304
ANTHONY,304
HILARIO,303
ISA,303
HELEN,302
AZUCENA,302
YESSICA,302
ROSE,301
ANGELO,300
ARNALDO,299
DIVO,299
FELICIANA,296
OLIVIA,296
BENEDICTO,295
GRICELDA,295
DOLORES,295
LEONALDO,295
SAUL,294
NAUZAIR,294
ELEODORO,293
KATTIA,293
BRIGIDA,290
JASMIN,289
CAROLAINE,289
EDWIN,289
LEIDY,289
ZOE,288
CLAUDINA,288
MATHIAS,287
WILLIAMS,287
PAULETTE,286
JULIANA,286
ENRIQUETA,284
NIDIA,283
GIORDANA,283
MILLICEN,283
EMANUEL,283
PASCUAL,283
KLEIVER,283
MILAN,281
MARILU,281
KETTELIENEN,281
JEFFRY,280
SAIDA,280
ORFILIA,278
GENOVEVA,278
TULIO,277
JORDELYS,277
GEMA,277
BRISA,277
FIDELISA,276
WILFREDO,276
JEXEL,274
AGATHA,273
NARCISO,272
CLORINDA,272
STEFANIA,272
MIRTHA,270
OMERO,270
CLODOMIRO,269
ITALO,267
EDUVINO,266
ANSELMO,266
FAHIENBIE,265
ISAMAR,265
ARMANDINA,262
GUIDO,262
PATRIC,262
JOAN,261
MAICOL,261
WILMER,261
MICAELA,259
CAROLINE,259
MANUELA,259
DENISE,259
LIZ,258
DELIA,256
DAFNE,256
ROY,256
GIULIANO,253
EMPERATRIZ,251
BALLOLLET,251
EMILIANA,250
FRANCCESCA,250
YULI,250
CHARLOTTE,250
SABINA,249
DAISY,248
BRAULIO,248
GREGORIO,247
IDA,247
ANAMILET,247
EVARISTO,246
LAUTARO,245
ZAYDA,245
MAR√çA,245
CEFERINO,244
SAID,244
NICASIO,242
LUPA,242
JENYFER,239
HANS,239
ZULAY,238
MAILEN,238
ZAIDA,237
MAUDELIS,237
RONNY,237
EDWARD,237
MOAD,236
ANDRY,235
CRISTOFER,235
ARLET,231
MARLETH,231
GINA,231
MAURA,230
ROSELYN,230
HELVIN,230
SENCIO,230
EMELINA,229
MITZY,229
MIGUELINA,229
ASHLEY,227
VANESA,227
FLORINDA,226
GIANCARLO,226
ARACELLI,226
NADESHNA,226
XIOMARA,225
AUGUSTO,225
JULISSA,224
ANGELINO,224
DIOGENES,224
DORALIZA,223
NOEL,223
FELICIANO,223
TICILIA,223
NATACHA,222
MARIEL,221
NEIDELY,221
NINOSKA,220
ARGENIS,219
VICENTA,219
DEBORA,219
CHRISTOFER,219
JOELA,218
DARLING,218
CONNY,217
MAYTTE,217
GUADALUPE,216
DORALISA,215
BRIANA,215
JASLEIDY,215
JESSENIA,214
GISSELLE,213
MYRELLA,213
AINHOA,213
JOSEPH,213
EUSEBIO,212
MARLING,211
LENIN,211
DIBE,209
KEYLA,208
ROGELIO,208
ANAHIS,208
JOANNA,208
IVETTE,208
GYANNELLA,206
YEXCILIN,206
ROQUE,205
KELVIS,205
PAULO,204
PETRONILA,203
YANARA,203
ESTEFAN√çA,203
YARLEY,203
DEREK,202
AMARANTA,202
ROBERT,201
CIRO,200
WILLY,200
MIRANDA,200
FLORENTINA,200
ISAURA,199
YOVANA,199
MICHEL,199
RONY,199
YUVIZA,198
ALBINA,198
AURELIA,197
SULAY,197
SOPHIE,197
DALILA,196
GASTON,195
BRIAN,195
PAUL,195
ILDA,194
ELEAZAR,193
ATILIO,193
FERNANDEZ,192
BETZABE,192
JOS√?191,
LISBETH,191
ANABELLE,190
STEFANO,190
ILIANA,190
SORAYA,189
KESIAH,189
RINA,189
CELESTE,189
KAROL,188
HERACLITO,188
GLENDA,187
CLARINDINE,186
NATHALY,186
EDER,186
BORYS,186
YANDRY,186
ANDREINA,185
MAURO,184
LYAM,183
YOSHIDA,183
JAMES,183
AMBER,182
ESTELVINA,181
KAINA,181
LUNA,180
DEYSI,180
LEO,180
HANNA,180
CADYS,179
MORELIA,179
LADY,178
CARLINA,178
AMANTINA,177
MILAGROS,177
CHARLES,177
FABIANA,177
MARITXU,177
MELISA,177
HONORINDO,176
YOCELYN,176
MISAEL,175
GIANELLA,175
EDILIA,175
LIENTUR,174
JHANN,173
AMINE,173
CLARISA,172
NELFA,172
SIM√ìN,172
JAEL,172
BYRON,171
ARCADIO,170
ADHARA,170
NATHALIE,169
SAMIR,169
YARETT,169
YAMILET,168
CAROLA,168
FRANCOISE,167
MALLEYLE,167
SHIRLEY,167
MURIEL,167
JOICE,166
ERASMO,166
GIULIANA,166
PASCUALINO,165
ALESSANDRO,165
ERIC,165
AURELIO,165
INRI,164
ELIERLI,163
DEYANIRA,163
JHUNIOR,163
ADELITA,163
NATIVIDAD,162
STEFANY,162
SABINO,162
EIMY,162
SHEYLA,162
JANIS,162
BLADIMIR,162
SANDRO,162
AIYELIEN,161
HELGA,161
JOAO,161
AUDOLINA,161
TRANSITO,160
GALA,160
BETTY,160
GERALDYN,159
SCARLETH,159
JADER,159
MARISELA,158
ISAN,158
ESMERALDA,157
BERTINA,157
ELODY,157
ABDON,157
MARILUZ,157
CLAUDINE,156
NOLBERTO,156
GERSON,156
ALBIS,156
GLINNIS,156
ANYELIS,154
MAFALDA,154
MARY,153
EPIFANIA,153
DALIA,153
LUKAS,153
IRIANSY,153
KATIUSKA,152
PALMENIA,152
ALEC,152
NILA,151
BERNARDINO,151
MADELYN,151
WILIAM,151
ISIDORO,151
LEONIDAS,151
VAITIARE,150
LUCERO,150
BENACIO,150
HIPOLITO,150
DRIADE,149
SABRINA,149
ISIS,149
ABRAHAN,149
EMILI,149
KATHALINA,149
JENNIFFER,149
SERAFINA,149
BIENVENIDO,148
LADIA,148
YANIRA,148
NARDA,148
KEILA,147
DILAN,147
MASIEL,145
TAHIEL,144
GIOCONDA,144
ELIANTE,144
DAMARIZ,143
JANETTE,143
HELIA,143
DARIEN,143
ETHAN,142
GERDA,142
ANABELIS,142
PIERO,142
CLEMIRA,141
CHRISTHOFER,141
VICENT,140
ANITA,140
JANETT,140
DRINA,140
NIZE,140
ELY,139
YULIANA,139
BELISARIO,138
ELOY,138
AILEEN,138
VALERIANO,137
YENNY,137
ROSELIA,136
OSVINDA,136
RAYTZA,136
LISETH,136
ABBE,136
ONUR,136
ESAU,136
TEOLINDA,135
ROSALBA,135
HAIDIANA,135
RACHID,134
VALERIE,134
LEONILA,134
LEONTINA,134
GISELLA,134
ALLAN,134
KARIN,134
MELODY,134
IRINA,133
ALEJANDRINA,133
NOLFA,132
MIRNA,132
JEIMY,132
TEORINDA,132
JENIFFER,132
JEREMIAS,131
EMETERIO,130
NAIN,130
RONAL,130
MARTHA,130
YUBITZA,129
NARCIZO,129
FELICINDA,129
ORLEN,129
ELISEO,129
CLAUDINO,129
EYDAN,129
VIRLA,129
OMAIRA,129
NORAIMA,129
ROMILIO,129
BENITA,128
RUDECINDO,128
IRAIDA,128
DEYANNIRA,128
CHISTIAN,128
HERLINE,128
RUBY,127
MATHEO,127
ANQUER,127
KASSANDRA,127
STEEPHANE,126
CARJONIRI,126
ROSENDA,126
YOSELIN,126
NUBIA,126
ARSENIO,126
BELTRAN,126
PLACIDO,125
LISETE,125
ROSBELIS,125
TOM,125
SIXTO,125
ZENOBIA,124
MILOVAN,124
STEPHANY,124
MOIRA,124
YUJERLI,124
SCARLEY,123
NATANAEL,123
JOYCE,123
ALAMIRO,122
ALVARA,122
ITALIA,122
LISBELY,122
DIVA,122
CHARLY,121
MICAL,121
SANTOS,121
KATRINA,120
YAEL,120
NAYELLI,120
DEISY,120
HIPOLITA,119
SIGIFREDO,119
ALAIN,119
ZENAIDA,119
EGLANTINA,118
JEREMY,118
VIVIAN,118
CINTHYA,118
ENYERBERTH,118
MYRNA,117
NICOLLE,117
ARLETTE,117
PROSPERINA,117
TONY,117
DENIS,117
MARLA,117
CINTIA,116
SILVIO,116
MISSAEL,116
NORBERTO,116
MARIANO,116
MARYORIE,116
MAYDELIN,115
SASHA,115
ROSBELYS,115
YENI,114
FRANKLIN,114
JOJAN,114
ALANIS,114
YOHAN,114
AYNARA,114
RAFAELLA,114
YESIBETH,114
IDILIA,113
GISSEL,113
MARIELYS,113
MADAY,113
LISSETE,113
ANTHONELLA,113
ELDEMIRA,113
ESTANISLAO,113
DANIS,112
SUSY,112
EDDY,112
SEPHORA,112
RAIMUNDO,112
JAIKELYS,112
RACHEL,112
EDDIE,112
MARIANY,112
IRENIA,111
EDUVIGIS,111
STIPA,110
NOEM√?110,
HERMOSINA,110
VITERBO,109
DANNY,109
ROSEMARY,109
AMAIA,109
ELIAM,109
ABDIEL,108
MITZI,108
JUSTO,108
MARGOTH,108
DARLYN,108
YENNIFER,108
AUDINIO,108
ANDREW,108
MERVIN,107
IVANNA,107
JANCO,107
GENARO,107
TIHARE,107
KATALHEYA,107
FLORIANA,107
YENNYBEL,107
VIGADILIA,107
SIGRID,106
LENIBETH,106
JOKSAN,106
DERIK,106
MITCH,105
JHUAN,105
ELICIA,105
LEONILDA,105
CADUO,105
ANELIS,105
ABEL,105
ALISSON,105
JOSELYN,104
JEINER,104
MADELAINE,104
VANNIA,104
SANDY,104
MIRIAN,103
NAIROBY,103
FELISA,103
NATALI,103
ELIEZER,103
BENICIA,103
FREDY,103
ROMILIA,103
ARIA,103
TEHANI,103
DANIA,103
MAEL,102
STEVEN,102
ABSALON,102
GRESLY,102
ANTONINA,102
ELIZA,102
GRENDEL,102
MASSIEL,102
KARELLYS,102
PASCALE,101
CELIN,101
ARIAGLYS,101
JUSTINA,101
TEODOCIO,100
CHRISTINA,100
GAMALIEL,100
LAURENTINA,100
ESTENIA,100
FLORIDOR,100
STEVEEN,99
MADELINE,99
HAROLDO,99
ALEXIA,99
EDGLIMAR,99
ALIOSKA,99
PHILIPPE,99
WOOD,98
MARLY,98
JEYSON,97
ANDERSON,97
DOLINDA,97
IKER,97
JAILINE,97
ROSSE,97
ALEXI,97
ATENEA,97
MARILYN,96
CLEMENTE,96
AINOHA,96
JHOSELIN,96
DENNYQUER,96
INELBA,96
MOUSSIGNAC,96
JORDY,96
ESTHER,96
AURA,95
MILADY,95
MEGAN,95
AMARA,95
THALIANA,95
EZEQUIEL,95
MORAIMA,95
PALMIRA,95
KHALEESI,95
AMARAL,95
GLADIS,94
MAYTE,94
ALMA,94
NATHALIA,94
GUMERCINDO,94
EDULIA,94
YENIFER,94
CRISSLY,94
BENERO,93
DOMITILA,93
ABELARDO,93
NEY,93
FLORCINA,93
GIANINA,93
TEGUALDA,93
XAVIERA,93
ENMANUEL,93
ANNE,93
ADALINA,93
CELESTINO,93
MOYRA,93
LIONEL,93
NAYADETH,93
SALA,93
FIDIAS,92
FIDELIA,92
NELDA,92
DANOR,92
MARIAM,92
CARMELO,92
ABELINO,91
MIRELLA,91
LISBERT,91
JHOON,90
EDGARD,90
BETTANY,90
GABY,90
HONORINDA,89
ALADINO,89
LIZARDO,89
AYELEN,89
JOVINA,89
ISMENIA,89
GRICEL,89
CATALEYA,88
MELANY,87
YOANA,87
DAYSMARI,87
MARIJO,87
TEHARA,87
FLAVIA,87
MALAQUIAS,87
ADARA,86
ALIZ,86
MELEK,86
VIDA,86
KATIA,86
MAGDIEL,86
GERMAIN,85
ORLANDA,85
THANYA,85
YASMELIS,85
WASHINGTON,85
DAYANNA,85
YENIFFER,85
PRISCA,85
KENDALL,85
MELANNY,85
ERCIRA,85
BRUNILDA,85
ELIAZAR,85
ALAM,85
NERU,84
ALIA,84
BRISHEL,84
ALANA,84
DELFINA,84
SINDY,84
HIRMA,84
DANNAE,83
WALDEMAR,83
ANATOLIO,83
GERZON,83
CRISTAL,83
BAITHIARE,83
MARCUS,83
LILA,83
PETER,82
JOSMAR,82
BETZABET,82
YAZMIN,82
MADELEINE,82
SELENE,82
BIANCA,82
YENDRY,82
REMIGIO,82
CIRILA,82
IVANA,82
TAHIS,82
CLARILI,81
NATALIE,81
KATTY,81
FREDYS,81
MARICELA,81
JEFFERSON,81
NILS,81
ISOLDE,80
KETCHINA,80
DIONISIA,80
KATHERIN,80
GUACOLDA,80
LILIA,80
YOSMARY,80
WILIANA,80
EUMENIA,80
WILNORKA,79
ANELISSE,79
SOF√çA,79
MARMADUQUE,79
PETRONA,79
FLORISA,79
LIAH,79
NINFA,79
URZULA,79
SARAY,79
LIAN,79
YERKO,78
THALIA,78
JHOJUAN,78
ECILDA,78
BERENICE,78
YANETH,78
VLADIMIR,78
HEIMI,78
YASTIN,78
IVANIA,78
SAMAI,78
REGINALDO,78
LENA,78
CELINDO,78
HORTENCIA,77
ENA,77
ELINITA,77
SUJEY,77
ILIA,77
NIKOLE,77
LILIBEL,77
ZACARIAS,76
CLOTILDE,76
JERSON,76
ANIA,76
DESIDERIO,76
ETELVINA,76
ADAO,75
ANAYS,75
XYNAYDI,75
ESTIBALY,75
JAISON,75
SAMIRA,75
JHENDELYN,75
PIO,75
ENGEL,74
JORDANO,74
ERCIK,74
ANYELA,74
SAPHORA,74
DESMOND,74
YESICA,74
ROSENDO,74
SARAHI,74
GISEL,74
YANET,74
ISIDRO,74
M√ìNICA,74
STEPHANIA,74
ERISNALDA,74
TEODORO,74
GINETTE,73
MELINDA,73
GISELA,73
GEMMA,73
GAMBERLIS,73
FELICITA,73
GREISY,73
CECILIO,73
WHEELDHEN,73
HERALDO,73
GLADY,73
YOHANA,73
ABRIL,73
LUIGI,72
SIRTA,72
JOVINO,72
LINDSAY,72
RONALD,72
KATY,72
KRISNA,72
MARIAPAZ,72
ARIELA,71
MADELEYN,71
FRAUMARYS,71
ARLINE,71
AUDIN,71
BERCKER,71
JULIETTA,71
LENI,71
YAJAIRA,71
DOUGLAS,71
AILYN,71
ALHAN,70
YANARETTE,70
THAIS,70
LUPERFINA,70
ELISABETH,70
TABATA,70
ANAHI,70
ARIADNA,70
MARGORI,69
YAMIL,69
ERMELYN,69
YARETZY,69
YURICO,69
CONTANZA,69
HERNA,69
DAYAN,69
YANETT,69
MILISEN,69
AGUST√çN,68
JOSUED,68
ROSEMENE,68
ITHAN,68
ELVA,68
JASNA,68
EITAN,67
LESLY,67
LUAN,67
JOSELIN,67
JARED,67
ADRIEL,66
SALMA,66
SUSAN,66
BARTOLOME,66
VENTURA,66
SCHLOMIT,66
ETEDRA,66
FRANYER,66
ILSIA,66
HEBERTO,66
ALONZO,66
NEMESIO,66
YONEIDA,66
TIARA,66
RONA,65
MAYRELIS,65
STANLEY,65
TYLER,65
YOSAN,65
SHARIED,65
JUNY,65
EDICTA,65
ELSI,65
CLEDIA,64
DOMINIC,64
AVELINA,64
DEYSY,64
GRANADINA,64
AUDOMIRA,64
KRISHLEY,64
CARMELA,64
ROMAN,64
NELMARY,64
SAMANTA,64
NEFER,64
REINA,64
EVELINA,64
SAYEN,63
ALAIA,63
ROMANETTE,63
YENY,63
CASANDRA,63
LEIDYMAR,63
J0SE,63
MIYARAY,63
EULALIA,63
VIVIANNE,63
VIVIANED,63
KYLIAN,63
TAMILEE,62
MESLINA,62
TABATHA,62
ALANNA,62
DAVIS,62
YUSBELTRIZ,62
YELITZA,62
SHARON,62
HAILEN,61
LUPERTINA,61
AUSTIN,61
CHRIS,61
CYNTHYA,61
OLIVIO,61
JUNIOR,61
NIBALDO,61
CALEB,61
MODESTO,61
AUDILIA,61
LAI,61
POLETTE,61
DAIRY,61
NAYYIRAH,61
STACY,61
LUANA,61
ROMELIO,61
TEMISTIA,61
JUDE,61
DULCELINA,60
SILENIA,60
DANAY,60
JEZILA,60
FRANCHESKA,60
ANNY,60
ARACELLY,60
DANIXA,60
NAYADED,60
MARIANGELA,59
AMALIE,59
EMERSON,59
FENSLEY,59
FRANCY,59
ANYEL,59
BETZABETH,59
NAYADET,59
ITA,59
TRACY,59
LUSNELDA,59
YANIBEL,59
YUNICA,59
DORILA,59
ROSITA,59
MAYLEEN,59
SEFORA,59
MADELIA,58
EMELINDA,58
MAYERLIN,58
DESIREE,58
GLAIKELIS,58
CESAREO,58
JAIR,58
DERWY,57
MAGALI,57
NURIA,57
EMY,57
JOBA,57
GALVARINO,57
ANABEL,57
KRISHA,57
WANDA,57
RAYMAR,57
CAUPOLICAN,57
EL√çAS,57
ZUGEY,57
CARY,56
NAYELI,56
ISABELA,56
ALLLISON,56
NELVY,56
LUGARDA,56
WILMAR,56
SAINTE,56
GLAIKELYS,56
DAYSI,56
I√ëIGO,56
BISMARK,56
BARTOLO,56
ARISBETH,56
AIKEL,55
GUILVEIRA,55
MERIDA,55
CANTALICIO,55
JANINA,55
YUSMARY,55
WILSON,55
GISSELA,55
PABLINA,55
ASTOLFO,54
DARINKA,54
LARA,54
DANY,54
DELICIA,54
YULIANO,54
TIRSO,54
EDUVINA,54
WILDER,54
DENNIS,54
MARIZA,54
ODETTE,54
SINTIA,54
YARETH,54
GREGORIA,54
PREVISTO,53
PIERRE,53
ANNAYS,53
NICANOR,53
ELEONOR,53
DEMESIO,53
GUNEY,53
LEV,53
ALTAGRACIA,53
DELICIO,53
TOLINO,53
KERLYS,53
SALOME,53
MARGARI,53
ANASTACIA,53
ROSINA,53
NORMAN,53
GADIEL,52
OFELIA,52
MIGUELA,52
ROSANA,52
GUISELLE,52
ELEANNY,52
AKANE,52
NASHLA,52
ELIETTE,52
STHEPHANIE,52
NIMIA,52
LINCOYAN,52
YALIDA,52
GIANNINA,51
KATHERYNE,51
CRISBEL,51
ENDER,51
MIRKO,51
DIAMANTINA,51
ASLAM,51
ASUNCION,51
MARIAN,51
ANAI,51
EMINERTA,51
CLAUMIRYS,51
ASENET,51
SOL,51
BRENDALY,51
ANJELA,51
ROSINE,51
GLORIALYS,51
YARIBEL,51
CORNELIO,50
ISAIRA,50
JANN,50
SAHILY,50
DELFIN,50
CRISVET,50
KEVENS,50
GRISSEL,50
KARA,50
ETIENNE,50
JHONATAN,50
DORIFO,50
BLAS,50
PABLA,50
MARGGIEE,50
ENEDINA,50
ARIANA,50
ALYSON,49
MAIKOL,49
CRISTIANO,49
MALVA,49
ARISLEIDA,49
CIOMARA,49
TOMASA,49
HADA,49
SARAH,49
YAZMINNE,49
ASHLY,49
LASTENIA,49
JULIETTE,49
ANAIKA,49
BARUJ,49
MONSERRATT,49
CLARICE,49
ELFRIDA,49
RAYSHEL,49
MICKEL,49
EMIR,49
WILMEN,48
CRSITOBAL,48
MILEXIS,48
ANALIA,48
HEVAC,48
ZANDALIO,48
CAROLYN,48
RAIZA,48
JACINTO,48
LEONELA,48
NEOMAR,48
SONNIA,48
MARIANIS,48
ALAYA,48
ARANZA,48
ALCIDES,48
ABILIA,48
AMIRA,48
NINOSCA,48
ALI,48
ORFELINO,48
FROILAN,48
HARRINSON,48
RUBELIS,48
MIXAEL,48
PHILLIPE,47
NICHOLE,47
JHONER,47
SELVA,47
EDDIER,47
AALIZ,47
LIZETTE,47
GEDEON,47
RUBIEL,47
MARIANS,47
YAHAYRA,47
SHERYL,47
CHLOE,47
KATERIN,47
ALINE,47
MACIEL,47
BORJA,47
MARIGAL,47
BERLITZA,47
EDDA,47
ESTEFANI,47
JANNET,47
SINIA,47
HELVECIA,47
YURIEL,47
SAY√âN,46
MITCHSARAI,46
IBRAHIM,46
YONATHAN,46
LEYDI,46
CRUZ,46
YOSIMAR,46
ELIDA,46
BAUTISTA,46
ISMARY,46
MARYTE,46
JANETH,46
KARELIS,46
PORFILIO,46
ALAIHA,46
DIEUMENE,46
CANDY,46
GINEZ,46
GEREMIAS,46
DIONEL,46
JIANNA,46
FIORELA,46
JOIS,46
PATRIICA,46
HEIDI,45
ARANTZA,45
ADISON,45
ORQUIDEA,45
DIELA,45
DORIAN,45
WILMARY,45
MIRCIA,45
MARGELIS,45
ZAIRA,45
SILIANISE,45
NAIMA,45
LISBETT,45
MINDRY,45
MARI,45
CASSANDRA,44
APOLONIDES,44
ORFILIO,44
DANNA,44
DOMINIK,44
DONOBAN,44
LEOPOLDINA,44
MAGLENY,44
LIZBETH,44
OROSMAN,44
BUENAVENTURA,44
FAUSTINO,44
LEONIDES,44
KATHELINES,44
SELENA,44
ASHLYN,44
KENIA,44
YEIMI,43
SERVANDO,43
PAOLO,43
KEYSI,43
MARA,43
SAMARA,43
CEFARINA,43
YARELIS,43
ROSEMARIE,43
YUSARA,43
OCTAVIA,43
AMIEL,43
DAENERYS,43
DIANET,43
BETSY,43
TORIBIO,43
JAMILL,43
THAILYN,43
EULOGIO,43
EVAN,43
GERALDY,43
MILENCO,43
YORDAN,43
MARYOLI,43
IZAN,43
OED,43
NATANEL,43
LINDORFO,43
MAIFREN,43
CLOE,43
SANTA,43
ZAFIRO,43
YULISSA,42
STHEFANIE,42
EVELIN,42
IGOR,42
EVANGELINA,42
AURELIS,42
YEISON,42
CKRISTYN,42
JHONNY,42
HILDO,42
BRIANNA,42
REYNALDO,42
CKHERTTIN,42
DASNY,42
ARACELI,42
ZAORY,42
ISACK,42
KIRA,42
NURY,42
FRANKO,42
ELLEN,42
ZHIAMARA,42
KIMBERLYN,42
JEIMMY,42
YERIFER,42
MARYELIN,42
FIGAWENS,42
NORIS,41
KIMBERLIN,41
ANAIN,41
EVANGELYN,41
KATALINA,41
DOROTHY,41
DAIRA,41
ELIER,41
NEYMAR,41
DIMADAY,41
JULIETE,41
VISTELIA,41
YOAN,41
ELUNEY,41
LEYDY,41
BEDA,41
ZAMIRA,41
JESSIKA,41
EDITHA,41
JERALDINE,41
GLEIDY,41
DAMARI,41
YENIBEL,41
MARCELLA,41
DAMIANO,41
LIZETH,41
EFIGENIA,41
ODILIA,40
JOELI,40
NATALYA,40
ALLYSON,40
IDEFONSO,40
ELISMAR,40
MAIBE,40
YORNELYS,40
MEGHAN,40
CIELO,40
ARNAV,40
SIRIA,40
JUSTIN,40
ERIK,40
RAFHAELA,40
PAULINO,40
EDY,40
CAREN,40
L√çA,40
AGUEDA,40
HONORIA,40
YARELI,40
JASMINE,40
YANELA,40
ARISTIDES,40
JONAS,39
TEODOLINDA,39
JORDANA,39
NEILIN,39
CARMINA,39
MELANIA,39
ALISHA,39
ELODIA,39
ELEUTERIO,39
SAMYR,39
ISADORA,39
ELVIA,39
THEMO,39
JORKELYS,39
RONAYDEL,39
ARLEN,39
RAGNAR,39
YORDI,39
YEREMY,39
EIVAN,39
SAMMY,39
AUDELINA,39
HEDY,39
CLAIRE,39
DARLIN,39
EYDHAN,39
ALEXA,38
JEICKSON,38
YORELIS,38
TEODORA,38
CURTIS,38
FRANYERICK,38
NESTY,38
CATHALINA,38
NIXSI,38
AYLINE,38
SOCRATES,38
ALBINO,38
CATERIN,38
MARIETA,38
FALLON,38
PRUDENCIA,38
LILY,38
KIMBERLI,38
WENCESLAO,38
OLEARY,38
GERKO,38
YUSKELY,38
YOSNEIDY,37
GEOMARY,37
ELIET,37
DAMARY,37
VITALICIA,37
PONCIANO,37
CRHISTIAN,37
MIRZA,37
YAIRA,37
JORDANYS,37
JEYCO,37
TEO,37
SAIRA,37
IVENS,37
ARAN,37
YANNY,37
FLORICIO,37
DIONISIO,37
ETHIENNE,37
EDICSON,37
GABRIELLE,37
BALBINA,37
ANDRIMAR,37
KHATERINE,37
NAZLY,37
YARELY,36
JHOIVER,36
LIZZY,36
JOHANY,36
JOVANA,36
DARLEEN,36
GORETTY,36
LLINE,36
LILIBETH,36
DAMARYS,36
JERSI,36
JORGET,36
KATERINE,36
HIJO,36
CELMIRA,36
GUILBERT,36
AITHANA,36
CELESTINA,36
ELBINA,36
JOVA,36
YASSIEL,36
DARLYSON,36
JILBERTO,36
EILEEN,36
JOSSIMAR,36
GAHEL,36
JACQUELIN,36
SUDELIA,36
VAYTIARE,36
YERALDINE,35
DANAHE,35
JHEJKARLET,35
LYA,35
DALMA,35
CARAMELITO,35
OSTIN,35
LLOHELY,35
ABDEL,35
LAURYS,35
AXIDALIA,35
AMERICO,35
JHEREMY,35
KARINELL,35
EDSON,35
MAKARENA,35
ANAPAULINA,35
YANY,35
ADEMIR,35
MAYBEL,35
AISHA,35
GILARY,35
HILARY,35
TAIS,35
JULIETH,35
NEFERTARY,35
JASTIN,35
STEFANI,35
FATIMA,34
NAILINE,34
HAIMARA,34
ADAM,34
ALAY,34
INGEL,34
GIOMARA,34
ZULE,34
LORNA,34
MAMERTO,34
MARLEN,34
YOSMARLY,34
DEYKARIN,34
MEYBI,34
DANNYS,34
BRUNA,34
ALICETH,34
LOUISIANNA,34
MART√çN,34
DIONISA,34
CHERYL,34
PASCALA,34
RISMARY,34
CONNIE,34
LEANDRA,34
YELIMAR,34
WILNER,33
JENSY,33
NAYASHA,33
YANKELLY,33
YVROSE,33
RABACHOL,33
ARIANNA,33
ARAMI,33
YSABEL,33
YUDELKA,33
ARABELIS,33
MAIBER,33
YASAMIN,33
LEONARDA,33
YENITZA,33
VICTORINA,33
CUPERTINA,33
YITBRAIMAR,33
DEIMIAN,33
NAHUEL,33
ULRIC,33
NAOMY,33
LAUDELINA,33
ARTEMON,33
BALERY,33
MICHE,33
IVON,33
ANDURI,32
LUISBETT,32
CANDELA,32
NAILOBY,32
YOCELIN,32
YULEIDY,32
JOVELINA,32
BENIGNO,32
ENOCH,32
ROSS,32
CONSTANCIA,32
FAIBER,32
YORCA,32
YHON,32
NERIO,32
SADY,32
MARIANNYS,32
TADEO,32
WUENNDYS,32
BENEDICTA,32
ASLAN,32
SALLY,32
JACKELINE,32
GISELLI,32
ELIAGNETH,32
LADISLAO,32
DIONICIO,32
YIHARA,32
NAZARETH,32
ROSANGELA,32
FRANCESCO,32
YOSNILY,32
NAYELIS,32
BELINDA,32
RUPERTA,32
DAWENS,32
HANSER,31
AMABLE,31
MARLENY,31
GREDIMAR,31
YISELL,31
JOSEMITH,31
JONNATTAN,31
LUZFIRA,31
MINERVA,31
GIOVANI,31
SINAY,31
DANIELO,31
YUSSETT,31
MELVIN,31
NILSON,31
ELAINE,31
EUDIS,31
MARLYN,31
JAMAEL,31
CHANTAL,31
BRIGGITTE,31
ALISSE,31
SARIANA,31
LUZVENIA,31
JESICA,31
ANIAH,31
YETZY,31
ELIUD,31
GALO,31
MARISEL,31
YORGIANNIS,31
MICHELL,31
LIEDSON,31
YAHAZARA,31
IVANNIA,30
JHOSELINE,30
MIGUELANGEL,30
MILENNYS,30
LYBANA,30
NATANIEL,30
BIVIANA,30
VICMAR,30
HEIMDALL,30
MAHILY,30
YSAIBYT,30
GHISLAINE,30
LOLY,30
GREGORY,30
AMAYA,30
DEMOFILO,30
CRISMA,30
JARTIZA,30
PITER,30
SORAINIS,30
MORGAN,30
LEXIRE,30
AIKOO,30
MOHAMET,30
IREDIA,30
IMARAY,30
BERNANRDO,29
YEIMY,29
YULISA,29
FABIO,29
KASANDRA,29
MADELEINNE,29
AINARA,29
KENETH,29
ASIRI,29
ANDRE,29
JONAILYS,29
ELVIMAR,29
JEICK,29
TALIA,29
LITSZ,29
KEYDI,29
MEYLIN,29
ANGY,29
VERIOSKA,29
STHEPANIE,29
LIS,29
KAN,29
TYRONE,29
KERRY,29
CLARIT,29
CRISTHY,29
FREDDYS,29
YENG,29
HARUMI,29
ROMULO,29
JHOISBEL,29
ANGELY,29
ERELIN,29
ILMA,29
ARANSAZU,29
DOOWENS,29
IVO,29
BENJAMUN,29
OLINDA,29
MIRYAM,29
EDRICK,29
LYNN,29
MADISON,29
VICTORINO,29
VITERBA,29
FLORIDENA,29
ANYA,28
NAVID,28
ELISABET,28
BENICIO,28
DAILA,28
BEYCKER,28
EDRIAN,28
VASTHI,28
PARIBANI,28
MALCOM,28
ESTERLINA,28
LETTY,28
MAITHE,28
NISCA,28
FELIZ,28
KEIVIS,28
YANILET,28
ERCILIA,28
TEOFILA,28
FLORINDO,28
MADRIELA,28
LILISBETH,28
LUIDIT,28
ANALIE,28
BENYHAMIN,28
SERAFIN,28
JASIEL,28
AIDALBA,28
NORFA,28
NORELIS,28
YENIMAR,28
FLORIDA,28
KEYLER,28
KEIDY,28
GHADIEL,28
SUGEY,28
TILSO,28
MAYURI,28
ROSMARYS,28
FRANK,28
ARIAN,28
EMMY,28
BIENVENIDA,28
DEIBY,28
ELIGIO,27
ROLBY,27
ISSAC,27
KATHRINNA,27
AUDOLIA,27
YERAL,27
ARELLY,27
ROSAURA,27
CRISTONFER,27
YASHIN,27
YENDELY,27
GERMANIA,27
ALEN,27
NOLVIA,27
ARYELNIS,27
MOAB,27
KEMNELYS,27
CANDELARIA,27
JEIKER,27
HANNAH,27
CHARIFFE,27
BENIGNA,27
BASILIO,27
NAIMY,27
EYLEEN,27
JESENIA,27
KATHIA,27
KERLY,27
VARELA,27
DORALINDA,27
MARICIELO,27
FELICIA,27
GENEROSA,27
PRICILLA,26
YOXANA,26
NORMILA,26
URANIA,26
CONCEPCION,26
CLARINA,26
LUCIO,26
ANTHONIA,26
KARIANA,26
NATH,26
RONNIE,26
AHINOA,26
ELINA,26
AMERICA,26
PEDRY,26
RUFINA,26
CANELA,26
ASTRYD,26
YERKA,26
TEOFILO,26
LUGARDO,26
NELIDA,26
DARLYNG,26
AIBSEL,26
LALECHKA,26
ENOLDA,26
JANIRA,26
CRISTEL,26
YOJANA,26
JEANNETE,26
ZOIDA,26
YERTIZA,26
QUERIMA,25
CHERY,25
LUCA,25
MAYURY,25
ZAGLUL,25
ARIADNY,25
OSMAN,25
AYLER,25
DESILDA,25
MISELL,25
ENYEL,25
DIOSNER,25
MERIBEL,25
JARKIN,25
ARACHAT,25
CEDINIA,25
GLOMIRIA,25
LEIDI,25
AGATA,25
AMAPOLA,25
MARISSELA,25
ELI,25
ERNOC,25
KATHERYN,25
JEANFRNACO,25
YAHAIRA,25
BRISALIA,25
YAHIR,25
ESCARLET,25
JOSSELIN,25
NEHEMIAS,25
OLESKA,25
EDISSON,25
YENNI,25
ARYANA,25
CLODOMIRA,25
ARTHUR,25
BANYA,25
CLONA,25
JHONDER,25
BETZY,25
YONI,25
NEIBER,25
MARITRINY,25
FEDRA,25
HAYDE,25
LOREN,25
MADEL,25
ANALI,24
LISTER,24
EMELSON,24
ANLLY,24
ROMANET,24
NAIDA,24
ESTELINA,24
JENOVEVA,24
EDICTO,24
DEYLAN,24
YULEIDA,24
LEILA,24
CONZTANZA,24
YUSBELYS,24
JENNEFFER,24
EVELIA,24
EBELYN,24
GUAJILDA,24
YODET,24
VICKY,24
JANARA,24
ANGELES,24
MARIANITA,24
JAN,24
ANYELY,24
ANGEORY,24
KETCHIDAD,24
BALLOLET,24
VALLOLET,24
ALESSANDRA,24
LINDCY,24
YARA,24
SOFANOR,24
ALBANIS,24
LEODAN,24
DAHIANA,24
JESUMENE,24
ALFONZO,24
FRANLEXIS,24
JULYRAN,23
YOLANIS,23
CRISTHIAN,23
BELGICA,23
CASTA,23
BALTHAZAR,23
EVOLETH,23
LAURIN,23
LIBERTAD,23
LOGAN,23
MIKE,23
MICHELE,23
CAROLL,23
GAUDIS,23
APOLO,23
AIRY,23
ENRIQUEZ,23
YASMIRA,23
MYRTA,23
VIRIDIANA,23
DAMIANA,23
ADIELA,23
WENIFER,23
DIONELLA,23
AMELEC,23
FRANDYMAR,23
TIER,23
MAISSA,23
ELDER,23
ISAMAEL,23
LUZMILA,23
IRELI,23
NERI,23
GUILIANA,23
YUSELYS,23
GUILLIANO,23
ALCIDEZ,23
DAEL,23
GRACY,23
ELISSA,23
YAQUELINE,23
DIOMARYS,23
DULCE,23
ALY,23
PIERINA,23
PELAYO,23
KHLOE,23
SURI,23
HERACLIO,23
DORNELYS,22
EUDOLIA,22
AISSA,22
RENAN,22
GRISEL,22
MEPHAELLA,22
DENITXA,22
SIGRY,22
CHERIN,22
EUGENIE,22
ELIE,22
ALAHIA,22
YARELA,22
DALET,22
INDALICIO,22
DIVIANGELY,22
ESTEPHANIE,22
ERLINDA,22
ALBELIS,22
YULEIMY,22
YALIMAR,22
ANALESKA,22
ORSEN,22
EUNICE,22
ARON,22
MAUREEN,22
YUMAICA,22
FABIANY,22
DORCA,22
THALYA,22
MAIDERLING,22
DEMIS,22
LINOSKA,22
DAYANNE,22
RONALDO,22
SENEN,22
NISLEIDY,22
ELUSKA,22
DELIMAR,22
OROZIMBO,22
MARYI,22
EYMI,22
SELINIA,22
VAIYOLETH,22
NADEGE,22
TARYA,22
NORIANGEL,22
LENNIA,22
MISALDO,22
JARUMI,22
ROMUALDA,22
LIRALLEN,22
KELIS,22
MICAEL,22
FELICIDAD,22
LUDYS,22
DINARA,22
DERNA,22
AUDOMILIA,22
NORBERTA,22
ANABELLA,22
SOLIMAR,22
NAYAR,22
MARICELLA,22
NACHKA,22
YOHANS,22
NAZELY,22
YUVISSA,22
DIVAN,22
DELERINA,22
GERALT,22
ESTHEFANY,22
NIEVES,22
DANNIA,22
MATHYAS,21
ELBECIA,21
JEYSY,21
ALEXXANDRA,21
MARIANGEL,21
STACEY,21
NELLYS,21
MAYCKEL,21
NELLYANIS,21
YOLDA,21
JANNIS,21
ANGARA,21
ODILES,21
GREYCE,21
MILAGRO,21
ANEMERY,21
JAXDIELIS,21
MAXIMINO,21
IDELIA,21
ANDRU,21
MONSERAT,21
JANISE,21
HAMILTON,21
CLOVIS,21
ESTEYSI,21
ABIGAHIL,21
YOLISMAR,21
SAMUELI,21
EDIBERTO,21
ERIKSON,21
IVES,21
NICOLL,21
LISSET,21
ORLANGIE,21
NALVIA,21
WITTELS,21
MILIBETH,21
ALADINA,21
ODALIS,21
LAIDY,21
ABBY,21
INUBIS,21
ANEL,21
EDIT,21
DEBSY,21
DEIVIS,21
RUBETH,21
GUARDO,21
ZORAIDA,21
ZULY,21
VIANNEY,21
HERNALDO,21
AMANDI,21
DARIBETH,21
DANNIRA,21
NAIBYS,21
YENNALY,21
SONYA,21
ESCARLETT,21
CEDELLA,21
JAMILETH,21
YULEIMA,21
SHANTAL,21
YAVE,21
YISBEINITH,21
ANAHYS,21
YERUSCA,21
TEMISTO,21
JAIVER,21
MILIA,21
FIORELLLA,21
FEDORA,21
EUFEMIA,21
ELIZABEH,20
GIETRO,20
CARDENIO,20
NUREILY,20
BILLY,20
ROSELY,20
CAST,20
CELSO,20
LISMARY,20
MARGARET,20
JHOSDAURY,20
YLDERANDY,20
NOELYA,20
GERIMAR,20
MARDOVIS,20
ANAYIBI,20
YUNEIDIS,20
GUIDA,20
DARIEL,20
JUSTA,20
PERCY,20
GLEIDIS,20
DENNISSE,20
ARIAM,20
JOSSELYN,20
DILAY,20
GAIL,20
DIONYS,20
KRISS,20
FLORENCIO,20
RHOMINA,20
JEILIFFER,20
SILVERIA,20
DJHONSSY,20
FREILEX,20
LUCELDA,20
MARTYN,20
ALESSIO,20
ALIANIS,20
HILMARY,20
CHARO,20
REINHOLD,20
ELIANE,20
YUNETZY,20
JEIMI,20
YHUNEIDA,20
IDEL,20
YANIQUE,20
YULEIXI,20
IDRIANA,20
HERMILDO,20
SHEILA,20
MAIKEL,20
KEYDAN,20
ROSMARY,20
ZULLY,20
VELIA,20
JAKELYN,20
REICHEL,20
GIOVANA,20
AMELIN,20
SECUNDINO,20
OBED,20
ZULIBEL,20
ZAID,20
EIDIGLETH,20
JHOJAN,20
AVA,20
DARLINE,20
LIABETSY,20
TREICY,20
ABRISTELA,20
YURIMAR,20
LITZY,20
MARUZELLA,20
YERTI,20
NIROSKA,20
UFREDO,20
DARIANY,20
MAILY,20
SAFIE,20
YIBENY,20
NYSSMI,20
AMAURYS,20
DAN,19
DAPHKA,19
YUDERKYS,19
EMILUZ,19
GEORGE,19
DIONIRA,19
ANGE,19
GILLIAN,19
LIZOTH,19
NAHIA,19
ESNEIDOR,19
JHOSSETH,19
YEISA,19
EIDAN,19
MARYORI,19
CELINA,19
GIANINNA,19
GREIS,19
ISABELINA,19
HEEYDI,19
ISSIS,19
HILLARY,19
FRANSHELLYNESS,19
BIDIANNYS,19
OSWERLY,19
JULY,19
YISELLA,19
DIVIANA,19
CHRISTY,19
SOULING,19
JANS,19
ORIANNA,19
SKARLET,19
AYRELIZ,19
PRICILA,19
DAIANA,19
CRISMARYS,19
JENNYFER,19
DILIA,19
JHONSWEER,19
YAMILETT,19
ALBEIRO,19
IAM,19
MODELENE,19
YOHANN,19
SHAMANTA,19
DANICKZA,19
SIOMARA,19
EVANYELINA,19
MILIANNIS,19
GLORINIA,19
MILITZA,19
ANAYANSI,19
MAITTE,19
MARIVEL,19
YANIS,19
YASIRY,19
KEREN,19
AMARFY,19
KAYTRHIN,18
JOYCETH,18
YEXIBEL,18
SAN,18
YEFERSON,18
AUDON,18
ERMELINDA,18
YULIAN,18
MILA,18
INOSKA,18
ZAILY,18
ELIZER,18
AYSKEL,18
ROSALINDA,18
ARIANNYS,18
DANYELY,18
HAIDEE,18
YHOSEMAR,18
LION,18
Iris,18
JOANA,18
AIMARA,18
NAIRE,18
GLEYDE,18
SILENE,18
YOLIBETH,18
ROSLY,18
MYA,18
ERIS,18
ALINA,18
VALEIVIS,18
MARIELVIS,18
ODILA,18
YANETZY,18
ROMEO,18
YEXET,18
ESMERITA,18
MARIOSCARY,18
GIANLUCA,18
GULIANA,18
ANJARA,18
POLETH,18
JULIANNI,18
AHYLINK,18
ILIES,18
SARAIN,18
THAMARA,18
LIBNY,18
ARELI,18
HELERYD,18
JHUSBELY,18
KYRA,18
JOSNAIBY,18
ALANNIS,18
LOUIS,18
WILYEISIS,18
SIMONET,18
AMARIS,18
JEALESCA,18
JULIETT,18
FERNADO,18
GEOVANNI,18
YOSEILYS,18
ISAI,18
DULIA,18
BALTASAR,18
ABDRIEL,18
DAYANNY,18
ELAIN,18
AURIANNY,18
ORIETTA,18
JOHANNYS,18
ALYSSON,18
JADEN,18
ADALBERTO,18
LIUDM,18
MARIELBIS,18
MARTHINA,18
DELVA,18
VARINIA,18
GLAIBILIN,18
CLARET,18
YOSMAN,18
HEIDY,18
JAYDEN,18
EIPRIL,18
YULEISSI,18
MAILYNG,18
YAREN,18
NORLBERTO,17
MORIN,17
DEYKER,17
LUKA,17
EDUARNISE,17
MILDRED,17
GIULIANNA,17
MAYERLINNE,17
JAZMINE,17
FULVIA,17
POLIDORO,17
AURIBELYS,17
NAIPSA,17
SHARIK,17
HENNESYS,17
AIDAN,17
ARMILIANO,17
WUELSTER,17
YOLY,17
RANDOLFO,17
SUSEJ,17
FLORANGEL,17
ESELA,17
EDRIX,17
NAZARENA,17
LISMAR,17
EVELITZA,17
FRANNEIDY,17
LYONEL,17
CELSA,17
YASIKOV,17
MIRGER,17
JHEILYN,17
SOR,17
ROMUALDO,17
LISBET,17
GLEIVIS,17
BLANQUI,17
PASCALLE,17
YADIRA,17
HAYDEN,17
SABA,17
JHONSON,17
ENCARNACION,17
CUSTODIO,17
MAILIN,17
ANARIKI,17
WILLEANA,17
JOCELYNE,17
NICOLET,17
YHITNEY,17
KEISSY,17
LESLEE,17
JOSELIA,17
FE√ëA,17
VITALINO,17
LUISANYELI,17
ARELYS,17
TOBIAS,17
TAVITA,17
RENZO,17
YRALYS,17
LOVEMETHA,17
JOHUSSE,17
ARIACCNY,17
CELERINO,17
ATREUS,17
ZABDIEL,17
MIRTZY,17
BEZI,17
NASHMIA,17
ZULENNY,17
BERUZKA,17
CASIMIRO,17
THAYDELIS,17
JHOAN,17
DOROMILLO,17
FRISLY,17
POLETT,17
CAIN,17
ARWEN,17
IRINIA,17
ELICIRE,17
ARYS,17
YUNELLYS,17
NAGHIBETH,17
LEOMAR,17
YOSLEIBY,17
ANTHUAN,17
AKIRA,17
GEMITA,16
NARCELIS,16
KATHY,16
DAFNA,16
ANTONIL,16
ILSE,16
AMELYS,16
GINO,16
YASMIRELA,16
MAVELIN,16
ROMANE,16
EIDER,16
LYTHANIA,16
SHARMELLY,16
ORIELY,16
TAHIA,16
VERONIKA,16
LUZBELI,16
EYLINE,16
YANELLA,16
CARRIE,16
YESSIBETH,16
EVONNY,16
CARAIMA,16
ZUHEY,16
IVELIN,16
JEFFREY,16
NERTY,16
UBERLINDO,16
ENDRINA,16
JADIEL,16
ALESSIA,16
YURANNY,16
PHENIE,16
MODINIA,16
ADIEL,16
EBALDO,16
BIDELA,16
DOROTY,16
AMBROSIO,16
ENDRYSMAR,16
JERRY,16
CRISHNA,16
ROSAMIRA,16
BERNARDINA,16
RENY,16
LLELI,16
HIHARABY,16
TIANA,16
RUT,16
NIRIA,16
NAYIVER,16
HADAX,16
NAYSA,16
LYNETTE,16
AURISTELA,16
LEIMARYS,16
ALONOS,16
YVELINE,16
AHSLEY,16
SIULMARY,16
HAYLIS,16
MAKOLISNE,16
GIANARA,16
IRWIN,16
JESULA,16
DYANNA,16
JISELE,16
NICOL√ÅS,16
ORLLY,16
JULITZA,16
ETHIEL,16
ABYGAIL,16
ANGELIS,16
YULIMAR,16
YOHAIBEL,16
YASKELY,16
EUFRACIO,16
YARLEXIS,16
FILIA,16
MARZULEY,16
AMARU,16
CATTALEYA,16
DEULIX,16
AILLEN,16
JEMAIR,16
BETSABET,16
TOMMY,16
ISMAELA,16
ORGANDA,15
ELEY,15
ROMA,15
KEITIN,15
ILIETH,15
KAROLINE,15
FELICITAS,15
EVIS,15
ANALY,15
DUSTIN,15
SALOMON,15
JACOBO,15
HSCARLET,15
LUMINANDA,15
INOLDA,15
MANETTE,15
GUISELLA,15
RENATOLEON,15
ALFTIBELIS,15
MEILY,15
ABIMELECH,15
FRANCK,15
YULIANNI,15
TULIMAR,15
DELLANIRA,15
EVER,15
YANIVEL,15
KATHALELLA,15
CARELIS,15
DONNA,15
ROLY,15
JEISON,15
ROSAIRA,15
ANAISS,15
KEFREN,15
MARLON,15
HEDDY,15
ILDOLINA,15
BELNECIRA,15
ADRIANO,15
DIEULENE,15
SABIO,15
HISBRADIL,15
CHYNA,15
LIBIA,15
DEXYS,15
NADYA,15
BRAIQUELSAN,15
EDUARD,15
BEGSY,15
GLEYTON,15
YETZABETH,15
BETZAIDA,15
VITUVIANA,15
AINNARA,15
MERCY,15
WASHIGTON,15
YONYVET,15
NELLI,15
JANIT,15
PROSNELDE,15
LAVINIA,15
TAHYLU,15
NAYARIT,15
GIOGINA,15
CAROLIN,15
MERILIA,15
MAEBE,15
GLADIA,15
OSMAR,15
NEITTHAN,15
MICASIO,15
NINIBE,15
AZENETTH,15
NERILYN,15
MARLITT,15
JANDI,15
GISSELE,15
HINGINIO,15
GREYBEL,15
YURIKO,15
MYLENKA,15
ALANNYS,15
LUANDA,15
MIRLA,15
LEIANGHELY,15
AINHARA,15
YOLEIMI,14
CARLYVETT,14
YORAGELIS,14
RUBENCINDO,14
WENDYS,14
FLORIDEMA,14
YISLENE,14
NASIRA,14
ABDIAS,14
OSMEIRA,14
DIEULA,14
VILIENE,14
ELVIS,14
IHAM,14
CRISTHINE,14
CATARI,14
KEITHLEIN,14
MIMOSE,14
CHIRLEY,14
STEVE,14
JULIEZE,14
BREILLEN,14
ROSMELY,14
NINI,14
YADIEL,14
NASOLIN,14
CONIE,14
MAYERIN,14
DAZNA,14
TIFFANY,14
GESIBELLE,14
ALESANDRA,14
MACUMENE,14
KELLYS,14
ROSANGELICA,14
CHRISTIALIE,14
ZENON,14
VAITHIARE,14
YUSDEIVI,14
NEPTALI,14
DENYSSE,14
CLEMENCIA,14
VICEYDI,14
LESDY,14
AILYNE,14
MARYA,14
YOBANA,14
MARIALBE,14
JENECIS,14
ANARYELIS,14
JHULIANNA,14
WUILIMAR,14
VAENSSA,14
TEOFISTA,14
ANYULETH,14
AUDRA,14
SYLVANA,14
KATTERINE,14
BONNIE,14
DAYANKA,14
UBALDO,14
ITAN,14
BOUSCHMA,14
NAIDELYN,14
GIARA,14
FADI,14
ZURLEY,14
NARLY,14
NOHA,14
EYELINE,14
FRANKIN,14
JOCELINE,14
YIOMARA,14
KATINA,14
SAFKA,14
DAYKAROLI,14
YESTER,14
YOLEXIS,14
ULDARICIO,14
ELAN,14
OWEN,14
MARIANNY,14
FERNARDINA,14
PLACIDA,14
KARLINA,14
MANEIKA,14
IVETH,14
YURIS,14
MARIANELLA,14
IDALIA,14
HERMENEGUILDO,14
EIIMY,14
DILYS,14
ELIMAR,14
DAILENNIS,14
GUILSONS,14
VERENA,14
ROSMERI,14
YACKELIN,14
XANDER,14
ANSONI,14
LUISMARY,14
ADY,14
URBANO,14
NATHAN,14
DAIOLETT,14
MARNYS,14
YULEIVE,14
ORIETA,14
YIMER,14
LEANNY,14
JHAYCOB,14
NAIM,14
MOYENEI,14
LENIS,14
DILENA,14
ANNJILIANN,14
ARTEMIO,14
JOSSUAN,14
YHOXANDRA,13
EHIMY,13
YASQUIRA,13
GREINMAR,13
GEFERSON,13
NELCY,13
YULETZY,13
VIDALINA,13
ZAMANTHA,13
VIDAL,13
JUANITA,13
YHEIK,13
SAILYN,13
MARAELLA,13
MIJAEL,13
DHANITZA,13
JERALD,13
MAYLEN,13
SAIDUBIS,13
BETSAIDA,13
SET,13
DENISMAR,13
LINDOLFO,13
YONIELA,13
RUTZIVETH,13
GIPSY,13
KAZANDRA,13
BEROUSSE,13
KAMILA,13
WILDA,13
COLET,13
JORGINA,13
KRISTEL,13
MAGDA,13
BENJAM√çN,13
NIKOL,13
MINDY,13
FRANCIMAR,13
LAYNON,13
EROS,13
YUMARA,13
DIGNORA,13
JULIANO,13
MARILIA,13
CRISTOFHER,13
NEFI,13
HERMAN,13
MONTUPIL,13
JERARDO,13
DEARLING,13
JARITZA,13
LILIAM,13
LIDOVINA,13
NOLLY,13
MARITA,13
SNAIDER,13
LUCHA,13
DESSIRE,13
KRISLEY,13
KARETZA,13
DAYZA,13
BLEUETTE,13
RA√öL,13
YUSMERY,13
GIANNA,13
BRIGITTE,13
LAURI,13
WERNER,13
NIVALDO,13
YANKEF,13
GEISA,13
MADYSON,13
ELIZANDRA,13
WINGEL,13
ARELY,13
KARINE,13
EDELINA,13
WALQUIRIA,13
DEYMARTH,13
WIDMY,13
HARVEY,13
YENUSKA,13
ROSIO,13
BERNARD,13
YOSSELYN,12
KLEIWY,12
VIANKA,12
DANA,12
SACHA,12
ENDERMARYS,12
ANGELINE,12
HEBERT,12
SELEENA,12
WIDERYN,12
ARTUH,12
CARDEMIO,12
YANNIS,12
CHAVELY,12
DASTIN,12
MERCI,12
JAIBELY,12
MIYOU,12
H√âCTOR,12
ERADIS,12
DAMACIO,12
ALANYS,12
MAYLI,12
AGNES,12
DEMIR,12
JEANET,12
ALTAMIRANO,12
SAVIER,12
HIGINIO,12
NIBIA,12
ISLANDIA,12
NAYIBETH,12
OLEGARIO,12
JHENYFER,12
OLGUINE,12
JAKARY,12
CHAINA,12
NADINE,12
MAIBELIN,12
CINTYA,12
HENMORIS,12
MAYEXY,12
SEREINA,12
STHEPANYE,12
KESITA,12
SHANNYN,12
EYTHAN,12
MARIAJOSE,12
JADRA,12
YERILIN,12
KENDRA,12
FERGIE,12
GREYNIS,12
MIKEYLA,12
KARICHMA,12
INOC,12
CELENYS,12
DANEIRIS,12
EMILE,12
YAIR,12
ISMY,12
ANNALEZKA,12
YUSVELI,12
EVARISTA,12
DILICAR,12
ODDIMAR,12
DAIBELYS,12
YAKELIN,12
FAYBER,12
EUKARI,12
SHANNON,12
MARC,12
MARILEYDI,12
SEBASTIANA,12
MILANYELA,12
FANNI,12
JELIANNY,12
YARICSA,12
ELIANERIS,12
NASKA,12
FINA,12
RISMEYLI,12
DONATILA,12
TEODORINDA,12
JAILIANA,12
NEOMI,12
AMARAY,12
AIRAN,12
ANYELINA,12
DANGELY,12
JILIBERTA,12
YOSSELIN,12
MAIRIN,12
PASKAL,12
DHYLAM,12
ANGHELI,12
CHEYLIN,12
YEICO,12
SOFFY,12
CRISLEY,12
BETSABETH,12
CALMECITE,12
MALVINA,12
JAZIEL,12
ELIANY,12
SOLEDINA,12
YORBELIS,12
NIRDA,12
MAJORIE,12
HILARTI,12
LENNON,12
BANEZA,12
NAHIM,12
YOSARY,12
ALIDA,12
KEILY,12
YORBIS,12
EYDIZA,12
JULISA,12
YACYARA,12
NOLASCO,12
CEDRICK,12
YOSELYN,12
YUIDINA,11
DARA,11
IRELBA,11
VER√ìNICA,11
SALADINO,11
YOVANNA,11
YULIANNIS,11
YILIBETH,11
AZIEL,11
ABDOSIO,11
SELIMA,11
CORALINE,11
ELIS,11
ANNA,11
UGO,11
CALEH,11
JASM√çN,11
ANTU,11
SILVERIO,11
ROQUINDA,11
MAYDA,11
MISSAHEL,11
LUPITA,11
WILXY,11
ARACELLIS,11
ALINN,11
MELVA,11
HERMIDA,11
TERMINA,11
JANNA,11
JULEXY,11
DJESSIE,11
ESAUL,11
KROLINE,11
DEIVI,11
DERECK,11
NELIN,11
BERTHA,11
JUDISSA,11
GUZMAN,11
BELARMINO,11
ANNI,11
GIANFRANCO,11
RUDENCINDO,11
OLIVO,11
ELIECER,11
RAYAN,11
EPHRAIM,11
NAYRA,11
JENELL,11
GREIDER,11
SEOMARA,11
ANGHELA,11
FIDELA,11
NIURKA,11
GERALD,11
LAYNER,11
GRECIA,11
JADE,11
LLANKURAY,11
ESAI,11
YASMINA,11
LEISA,11
GRACIEL,11
JEICOB,11
GUILIANO,11
DRAOMIDIA,11
IRA,11
ASHY,11
LISSANDRA,11
CHRISTOHPER,11
YOHILIANYS,11
JULI√ÅN,11
NIA,11
SAVSKA,11
YELIS,11
CARYANA,11
LYLI,11
CARINA,11
YORK,11
IRSA,11
GLICERIA,11
GISSELL,11
VENUS,11
JEFERSON,11
LILEN,11
STEFANNY,11
ITHAM,11
NIRELDA,11
ERMENDINA,11
HANTZ,11
ANTONELLY,11
FEBER,11
MARITXELL,11
MADELYNE,11
DEBORAH,11
ADANIS,11
ESTEPHANI,11
ONEILL,11
MARTINE,11
ZUMALY,11
MAGIN,11
YOMIRA,11
ALAYAH,11
NEYRIMAR,11
YENUI,11
JENRY,11
BRITHANY,11
ZINA,10
THEO,10
HANSLY,10
JOB,10
NOLBERTA,10
BILEINIS,10
JORDANNA,10
LADI,10
MAIDA,10
STEICY,10
JOHAO,10
LEA,10
GRETHEL,10
KEISY,10
RUBBY,10
JORGELIS,10
GLINIS,10
DELMIRA,10
SIMONA,10
LEVI,10
CRISCHNA,10
GULIANO,10
CELERINA,10
MERLY,10
LIKAN,10
KATSUMYN,10
CEFERINA,10
EITHER,10
CHARIQUIRI,10
AYESHA,10
YARIELA,10
OLOF,10
AYDEMPS,10
DAPHNE,10
WANNER,10
ADANNA,10
YTHAN,10
STELLA,10
SAMESH,10
LERYS,10
TALIHA,10
DIRLA,10
MAURICIA,10
ROOD,10
BELKIS,10
NICA,10
YOSEANY,10
ERMECINDA,10
PRINCE,10
BETHANY,10
JEISSY,10
CHRISTELL,10
DEIVID,10
YESENNIA,10
YARIANNYS,10
KIMBERLING,10
STEFANIE,10
SANDALIO,10
NAYHARA,10
DARIELIS,10
JULIANNYS,10
GINEARD,10
NEWEN,10
BRISSA,10
WENDSNAICA,10
MAYCOL,10
SINFOROSA,10
RODET,10
YUVISA,10
CYNTIA,10
LUCKAS,10
AMBROSIA,10
KEYTI,10
EIMMY,10
ANGELI,10
SCHERLNEICA,10
YORKI,10
MARUJA,10
JOVANKA,10
YOLEIDY,10
ALIRIO,10
RENNY,10
SUYEY,10
DAYRA,10
MATT,10
DAYHANA,10
ISAEL,10
ROUSSE,10
YERJAN,10
NANCI,10
NESMARY,10
SUHAIL,10
YASMELI,10
KRISMELY,10
YARET,10
AISTON,10
SMAYLY,10
ROSAURO,10
DEVORA,9
SULEMA,9
DARYMEL,9
CIPRIANO,9
NICODEMUS,9
NAYUSSKA,9
JESSANA,9
JOSELIS,9
ARLENYS,9
POLLET,9
HOLMES,9
M√ÅXIMO,9
RUBILIO,9
NANSHELYTS,9
MICHAELLE,9
EUDOVINA,9
OCTAVIANA,9
ALEIDY,9
ELEASSAR,9
DYRLAN,9
MYRLANDE,9
ANNARELLA,9
IOMARA,9
JULIANNY,9
PIODELENS,9
AITHOR,9
YAOIMER,9
GRETTY,9
CHERIE,9
ALISANDRO,9
ARMINDA,9
DAYRON,9
MERARI,9
SHERIE,9
KARELY,9
GISSELLA,9
EVERT,9
SIMILET,9
MELANNIE,9
YARILU,9
MARISABEL,9
AISMAL,9
PARIS,9
GARY,9
STHEFANNY,9
DANGELLA,9
YUSBY,9
JUDENSKA,9
NATHANIEL,9
YULY,9
AMELIMAR,9
ANNET,9
XABI,9
CHIQUINQUIRA,9
KEULIMAR,9
BANNIA,9
ASUNTA,9
OLIANGIE,9
MILLER,9
TANNYA,9
YEUDIEL,9
ALBANO,9
SIGISFREDO,9
PACUALA,9
YENICER,9
YURBY,9
NICK,9
HAITIENNE,9
WILDENS,9
MARIAH,9
ELEONORA,9
MARIOLY,9
DAILY,9
JOSEYMAR,9
MARIET,9
MATTHEW,9
DEISON,9
YONAT,9
JUVENAL,9
KONI,9
YESHUA,9
YACKSON,9
JEYDEN,9
ROSANGELYS,9
GIBSY,9
YELICA,9
ANELEY,9
WENSESLAO,9
YNGRID,9
TEANY,9
YURIANIS,9
MAXIMILIANBO,9
CATERINE,9
YUDLIANA,9
WENDOLYNE,9
LICINA,9
NAARA,9
BALDOMERO,9
CLARK,9
MADJORIE,9
NEILYN,9
YUYUNIS,9
DANESA,9
ICILIA,9
MILANIE,9
JAILYN,9
YULIA,9
FARACK,9
JEANDELYNE,9
LARRY,9
ZENIA,9
ANGELINY,9
IRAI,9
BEBERLY,9
YASSEC,9
NAEL,9
ENDERSON,9
TERCILA,8
ANTUANE,8
ARACELYS,8
AYLYN,8
MARIUSKA,8
HELIDA,8
SUSETTE,8
KARUMYN,8
DAHLIA,8
MELI,8
ELIZARDO,8
STANKA,8
Alondra,8
VIRGINA,8
ESNOL,8
RUDENCIO,8
JANHARA,8
IDEK,8
MELISSSA,8
ALANIE,8
JULNA,8
JESSIC,8
NEIZAN,8
CELIENNE,8
MEYLESTER,8
SLOVIE,8
FARAH,8
YONAIKER,8
MILENNY,8
GREYS,8
KEBIN,8
GLEEN,8
YUSENEY,8
MAHYRA,8
GLARIMITH,8
RUBERLINDA,8
LORENIS,8
YOSELIE,8
YUDERKI,8
SANDI,8
OSDANNYS,8
LISSANDRO,8
YAMILE,8
ADDISON,8
ROMELIA,8
LUZMARI,8
LISBIANGI,8
SUCHIN,8
LINO,8
BERTILDA,8
ALIM,8
LENIZ,8
MADDY,8
LOT,8
BERUSKA,8
DALENSO,8
ARLETH,8
ASMARA,8
FRANCISO,8
ANAMAR,8
EMILSE,8
MIRSA,8
EMISAEL,8
IORDANA,8
MILSA,8
DONALD,8
ANTARA,8
MAYERLI,8
EULALIO,8
JHONY,8
AYDA,8
JAIA,8
TEDDY,8
JAUN,8
LISANDRA,8
LENKA,8
AYSA,8
EDNA,8
EINAR,8
BERENISSE,8
EDILMA,8
AMARALIS,8
DANGELO,8
SAIMON,8
BRAYS,8
CATARINA,8
EDDUAR,8
JOANS,8
GRISELINA,8
MICANA,8
BRIGETTE,8
LENNY,8
KAREM,8
NELYALIETH,8
DEIYANIRA,8
MARVENSLEY,8
NALLELY,8
DEYMAR,8
ARIADNE,8
NOHELY,8
EISLENE,8
LENNYS,8
√ÅNGELO,8
KATHLEEN,8
KALET,8
ATUS,8
HERBY,8
JEROBAN,8
BAITIARE,8
GERARD,8
VEONICA,8
EMELIE,8
SOFI,8
ZARAY,8
SAKURA,8
LUDIMAN,8
JOHNY,8
ASMEN,8
CELINE,8
ROSEMITH,8
EMILIE,8
LUDY,8
MELANI,8
MIKERLINE,8
VIGILIO,8
SERAPIO,8
GRIMILDA,8
ONDINA,8
FRANYELIS,8
GIORDANO,8
SAYERN,8
PRHISNEIDY,8
BERMIDIA,8
JEICO,8
BEYBA,8
ANYULIETH,8
JERTRUDIS,8
MARIALYS,8
DORIHENLYS,8
HERMELINDA,8
ERGA,8
CURT,8
MELITZA,8
JOSH,8
GALINDO,8
MARJORY,8
JHOEL,8
NAIKELI,8
TEMISTIO,8
LENNIS,8
USMEMIA,8
JILL,8
ELITA,7
ROSIBERTH,7
PERINA,7
MEIBIMAR,7
EGIDIO,7
YENIS,7
EMILIANAO,7
ANGHELO,7
ARAMIS,7
NAYAREC,7
MARIANGELES,7
DANGHERO,7
NAUVOO,7
TRIXI,7
YENARO,7
ASHER,7
MADELEIN,7
LINETTE,7
ESTHYBEN,7
POLIN,7
PRINCELEY,7
YIMEN,7
ILONKA,7
BRIGGITE,7
ALELI,7
DAMASIA,7
FLORMIRA,7
ROSO,7
YORHEYDYS,7
DOMNINA,7
YENCY,7
JASMILOVE,7
JORELYS,7
BELLANEIRIS,7
EDELIA,7
GHERALDINE,7
EDICAL,7
ESPARTACO,7
MARENA,7
YASSER,7
YISETH,7
YANNETTE,7
KARELYS,7
ALIANNY,7
NAZIR,7
WALTERIO,7
MAYKEL,7
FREIMARY,7
GIDIA,7
ESTERVINA,7
DAYANI,7
MARYURI,7
AWKAN,7
JHOSELYN,7
JEPSY,7
AVELINO,7
ONESIO,7
MARILEIDYS,7
SHAROLL,7
ARGELI,7
IVETT,7
DAHARANA,7
GASLEY,7
MARSY,7
DARMIAN,7
EDUAR,7
YESENI,7
JOOVENLEY,7
ARIELLA,7
ELYSMAR,7
BARIS,7
DAERIL,7
SHELCY,7
ANGYE,7
KEILLY,7
HELLIS,7
JUDITHZA,7
ESTEPHANIA,7
DAYENU,7
AMPARITO,7
ELEYNNE,7
YUSLEIDER,7
YOXY,7
RUDDY,7
YARDANI,7
TAHANI,7
LAUDEINA,7
KELLYM,7
FLORIPA,7
JENI,7
FAISURY,7
REIKER,7
ANALLEN,7
LUCIAN,7
ZENOVIA,7
WILDO,7
DAFNNE,7
MARYLEN,7
juana,7
JESSMARY,7
ELIETH,7
JORLIZ,7
OLIMPIA,7
AMIR,7
GIANNIBETH,7
MALIBE,7
GERA,7
KISSY,7
LISSELOT,7
CHANNEL,7
LEENSEITH,7
TANNIA,7
JULLIANA,7
JOSELINE,7
YORGUEN,7
CRIS,7
ELADIA,7
LOYDA,7
DEISI,7
YEFRI,7
YESSIKA,7
JENDDY,7
NIRIUSKY,7
SABY,7
EGLIZ,7
YERLI,7
YERALDY,7
GECIA,7
YAMILA,7
BALDOMINA,7
CHELSY,7
KEYNER,7
NORLANDIS,7
SOMIRNA,7
HALYS,7
JONE,7
YULAISY,7
NILDO,7
ERMARY,7
JARUMY,7
YINZA,7
DOBLENE,7
IVY,7
LEIDIMAR,7
PIERA,7
MAYROBI,7
YANCA,7
MERIANE,7
FRANI,7
KAROLINA,7
GREILYMAR,7
URSUME,7
HETZABELL,7
ASLHY,7
LETY,7
LINSEY,7
ROLEIDY,7
LALIHA,7
JHESSICA,7
ELA,7
YULIANNY,7
MARYORIN,7
YOSEFF,7
CAROLAI,7
DAMIRA,7
ERLADIZ,7
MARGORIE,7
CARELYS,7
SHARLINE,7
ALFONSINA,7
ALENSKY,7
HELMUTH,7
JETSABEL,7
JONEIRY,7
YORGELYS,7
YOLA,7
NORKYRIS,7
LUZMILLA,7
CHARLI,7
CHEZNALDA,7
DAYLIANA,6
KISHNA,6
EZEQUIAS,6
EISIDORA,6
MIRLENDER,6
AMADEO,6
AISHLER,6
DENIA,6
NESMIR,6
FELIPA,6
NABETSE,6
ITHALY,6
SHERLYN,6
EGLEIDE,6
DILIMAR,6
ZUMILDA,6
FRANKEILYS,6
GRYSLEIDY,6
TAYLOR,6
ANELINA,6
HANIEL,6
LEONCIA,6
ANGELIZA,6
TASHIRA,6
WINSTON,6
KARINNE,6
WILMARYS,6
YARIXZA,6
JACINTA,6
JOSMARI,6
LEDIS,6
JAED,6
JEANNE,6
FARID,6
BETHZABETH,6
JHOCELIN,6
ORDELECIA,6
RAYDA,6
SADITH,6
SORIANO,6
HIDETTE,6
ROSANGEL,6
JAZEL,6
EIKA,6
NERY,6
DEIXI,6
ISAHMAR,6
JANEMER,6
EDELFINA,6
NAYARE,6
BARUC,6
AIMER,6
ELBERT,6
LAIA,6
AYINKO,6
TEREZA,6
ADANEL,6
ZENEN,6
ELYZABETH,6
JANETSI,6
INGRITH,6
HIRO,6
DENVER,6
EVANS,6
JHOHAN,6
ORNELLA,6
ALDRIANA,6
YERMINA,6
ALANAH,6
ALEXANDRO,6
GRETEL,6
EDILIO,6
ESSAIT,6
YURY,6
DULIANA,6
YALEXIS,6
AMMY,6
DEHYSAAC,6
ISAINES,6
NAICHA,6
KRISTELL,6
NEIDA,6
MARIAYSABEL,6
AURDELYS,6
YONAICA,6
AYRA,6
OHANNA,6
REYNA,6
YUYUNISE,6
ROMANITT,6
KIARY,6
ELIU,6
VALEZCA,6
ARIANNY,6
DENNYS,6
EIDY,6
KAOMA,6
LAURYMAR,6
WUINER,6
MARGARA,6
NARCISA,6
JOHANKA,6
ZULEIVIC,6
YURIANNYS,6
HEBER,6
ANGELIDA,6
LUCILDA,6
YUSMAIRA,6
YOSHELIN,6
GENEZARET,6
DAYANIS,6
FRANCOIS,6
AIDE,6
VIRGILIO,6
JESBELLA,6
JHENIFER,6
MIKAEL,6
ATALIA,6
LAWIDKA,6
JOGLIS,6
MEDARDO,6
EDUVIJE,6
ALLYSSON,6
LEX,6
MILUSKA,6
KINBERLIN,6
HIAM,6
ARELIS,6
NAYARETT,6
ZHAIR,6
ARIANGY,6
GERMAINE,6
AYRIN,6
COSNTANZA,6
UNICE,6
ELOIZA,6
KERLYN,6
ROCELYS,6
YORWIN,6
OSWALDO,6
AUGUSTA,6
YENSSIT,6
MIXZY,6
ROLLY,6
ZORIMEL,6
CATHERIN,6
MARIELIS,6
YISEL,6
JOAMMARY,6
ALTAMIRA,6
MAITEN,6
YANINE,6
ESTEFANIE,6
ROSANNY,6
FADUA,6
YENNIFFER,6
ILIETTE,6
SENDY,6
CLEYDE,6
CLELIA,6
ANAMILE,6
AYELEIN,6
DHALAY,6
DORKA,6
JISUNG,6
SKARLIS,6
NIRBETH,6
ROSMINA,6
YOSIEL,6
QUIMBERLY,6
TERAN,6
LENDER,6
TAYS,6
MAYLIZ,6
DANIDA,6
LAIS,6
CATTLEYA,6
MARUZZELLA,6
EULIMAR,6
EMYR,6
LUANT,6
CLERIDA,6
MATHILDA,6
MADJHORI,6
AILINEE,6
NAZLI,6
DENSELL,6
DILARA,6
KIOMARA,6
DEYBI,6
YERITZA,6
HAIDI,6
IRISMAR,6
DORCAS,6
DARINCA,6
EVOLET,6
LOREDANA,6
YARAMY,6
REBECCA,6
STIBALIE,6
DOROMILIO,6
AURENILA,5
ROSALENE,5
VICENZO,5
GRANCISCO,5
LEFTRAY,5
AMADIS,5
JHONEIDY,5
GREY,5
ENDRY,5
IRAYLIN,5
IZABELLA,5
LISBETTE,5
JHENNY,5
LIONELLA,5
ETTY,5
YOJHAIRA,5
REYLLEN,5
ALEIDIS,5
HERNARDI,5
RENEE,5
JEANETE,5
MYSON,5
Enzo,5
JOCELIN,5
ALBANNY,5
SARITA,5
CACILDA,5
KENNYBELL,5
ANTONIETA,5
ADIANEZ,5
WILMELY,5
ALLYS,5
ACXELL,5
MATTEW,5
KESNEL,5
JEMARIE,5
NOVELIA,5
YARIXA,5
MEYLING,5
LUCCY,5
DELCI,5
GIUSEPPE,5
RAMOSA,5
ENGELY,5
GUDELIA,5
YENIREE,5
KAROLI,5
MIRALYS,5
KEWIN,5
EVERLY,5
NATALLY,5
ZARAHY,5
OSTERLANDA,5
GENARA,5
ILNER,5
ARIELIS,5
SHERLY,5
YAHIRA,5
INELIA,5
MILDRE,5
MACKARENA,5
JHOSSNERYS,5
LIKA,5
MAE,5
GANDHI,5
MILEISY,5
MARTIZA,5
DENZEL,5
CHRISTIVENS,5
JOSIL,5
MIRACLES,5
JOSTIN,5
GIOVANNY,5
ITZAYANA,5
YODALIS,5
NAKARINA,5
IRIANNY,5
AEROPAGUITA,5
NAYOMI,5
NOA,5
REINEIRA,5
ROSSITA,5
FATIMISH,5
AYMI,5
BRIYITTE,5
LEXI,5
MAINKA,5
YIXELL,5
CORALY,5
MAIVETH,5
RANDOLPH,5
ELSON,5
TAHIRYS,5
ROAN,5
GHIARDA,5
DOUGLYHE,5
NOHELIA,5
LENIA,5
GIPZILAINES,5
RAVIOLY,5
KAELA,5
THAYRON,5
SHELLA,5
STEISSY,5
THEARE,5
ELDAMAR,5
DIANELIS,5
NEILYSMAR,5
FRANCISCAN,5
DANNGELO,5
KATIUSCA,5
MAYERLYN,5
LILI,5
MAHILYULILI,5
DANKO,5
NAIKOL,5
JUNE,5
ASTANKA,5
LISKELY,5
ENGERLIN,5
GEMINA,5
SHALOM,5
SEBASTHIAM,5
YADHIRA,5
BENECIA,5
RODY,5
YITSY,5
VANISHA,5
YAMIRA,5
LUA,5
NOBELI,5
DANYELIN,5
YISELE,5
ANACLETO,5
LEXIMAR,5
DANIZA,5
NAYDA,5
ADANMARY,5
RACHELLE,5
GRETY,5
ELIZETH,5
RIANYER,5
REYCHELL,5
DAREL,5
GOUSNERLI,5
YZAMAR,5
MILKA,5
JEIDY,5
EMILLY,5
PRINCESA,5
CERVANDO,5
MILANGEL,5
ANDRIA,5
HERMILA,5
WENDERLLIN,5
HINGRI,5
JENDERY,5
LHIA,5
EFREN,5
MAR,5
DASLYNE,5
LUZDOMILA,5
GALYA,5
ELLIMAR,5
AFRODITA,5
JEANPIERE,5
KEYLIN,5
ELVIN,5
BIATRIZ,5
JHULY,5
KARY,5
JEMIMA,5
LARINKA,5
JEZABEL,5
MARIANGE,5
MITCHEL,5
MARYURIS,5
JEMINA,5
JAIDER,5
YOSMAIRE,5
BETANIA,5
WOODLYEY,5
VIRGILIA,5
ROANNY,5
JOYVER,5
NEISI,5
YANDARI,5
KENDRY,5
LINDANA,5
NIXBEL,5
TRISTAN,5
JOSAURA,5
ALTHAIR,5
MIXY,5
LOUBENCIO,5
THYAGO,5
ALBERTINE,5
leonardo,5
LOISE,5
RAVIERSON,5
JHOSELY,5
YORBALINDA,5
ARATZA,5
JORLEYNIS,5
ADELINDA,5
JENMAR,5
YURBI,5
BERDECIRA,5
DANNI,5
TALLY,5
FRANYESSI,5
BALMORE,5
MAGADALENA,5
KRIS,5
AYLLALY,5
ERLA,5
REDDLJINAICA,5
ZULEIZA,5
ANAVEY,5
ARLENE,5
CRYCHNA,5
IVANESSA,5
IV√ÅN,5
BAHIOLEH,5
CHRISMENE,5
KEILYS,5
AHMARY,5
ALANISSE,5
KESSIA,5
SAIR,5
ANED,5
LUFIRA,5
IURNELIS,5
MIRAN,5
ANTHONELA,5
GEORMARI,5
BESSI,5
MEIBYS,5
BYANCA,5
STIVEN,5
Graciela,5
GALADRIEL,5
EUGELYS,5
JEANETT,5
YULIANNA,5
JHERSON,5
MELECIA,5
JONEIDYS,5
MAHINA,5
ZHARICK,5
FRECIA,5
ROSAINY,5
APRIL,5
ROSBELLYN,5
ORIELE,5
JIORDANO,5
RICHAR,5
JASMINA,5
CRYZ,5
YUDY,5
GRISELDA,5
SHARISMA,5
YANDRELYS,5
DANIXZA,5
DARLENE,5
YAMICK,5
LILIANNY,5
MAURI,5
THOMPKA,5
WALENSCKY,5
LING,5
JERLYN,5
NOEMY,5
KANELA,5
NEIT,4
XIAO,4
YAZMIRA,4
JERSSON,4
NOHEMI,4
MARIELLA,4
YICELA,4
MORELLIA,4
HELENNA,4
GENDRICA,4
ORFA,4
ARISMAR,4
YEIKOL,4
ARABIES,4
DANYELI,4
KETTIA,4
DANYELIS,4
KETTY,4
CLAIDE,4
YULEISY,4
MIXSY,4
YSELA,4
UMILANGEL,4
DIAMORYS,4
CRISTHOPER,4
AISLY,4
CHELSI,4
NERIANY,4
YERTY,4
SULEYKA,4
GLESSYS,4
ISELA,4
TONKA,4
LUDMIRTA,4
YORAXNY,4
YORMAN,4
YREANNY,4
CLARY,4
YANELI,4
ABAD,4
YAELY,4
YULIANDREA,4
ELENNYS,4
SILVINA,4
SHALOME,4
STEFHANY,4
YOSMIRCA,4
ARANXA,4
SASCHA,4
HAZIELLA,4
REIMUNDO,4
ANDERLI,4
VASTI,4
LUHANIS,4
DIRNA,4
LARIEL,4
MERLIN,4
BIAN,4
DAMASO,4
SHAIRELYS,4
ALIZE,4
ROSIBEL,4
BLANDINA,4
REINABETH,4
ORFELIA,4
KLEIBERLYN,4
ELIEXER,4
NIKOLL,4
LIRIA,4
YAQUELIN,4
MACYURI,4
JUSTINO,4
KATE,4
JEYNER,4
AURELYS,4
ICELA,4
LENTZ,4
HONORIO,4
ROSELHYN,4
JETZABETH,4
ZULMI,4
YAMILETH,4
SIMONEY,4
EUSEBIA,4
ISMERYS,4
ESMERALDO,4
NASHI,4
RODYSKA,4
KARLEY,4
SHAYLIN,4
YHANARA,4
DANIBETH,4
GLEDIS,4
IONO,4
ROODLYNSON,4
YULIETT,4
CHARID,4
CYNDY,4
KUR,4
JEANNIEL,4
ROXALIN,4
YENDSSY,4
BRASILIA,4
ASHLEE,4
ELEOMIRA,4
SERENA,4
MIRIELY,4
HAMLET,4
KATRIHELIZ,4
ANNIS,4
YOALFRE,4
KATELIN,4
OSWAL,4
WEEN,4
CENAIDA,4
DEREEK,4
MYLEIDY,4
OSCARLYS,4
BERGICA,4
WINDELIS,4
DIONISBETH,4
CARLIMAR,4
JUSKARLY,4
ROSBELY,4
MARIAYKER,4
YULIETE,4
YANNELIS,4
DRIES,4
FAVIANA,4
MADDISON,4
YIGLIAN,4
ENYESI,4
HEYLIN,4
RUMY,4
BOLTON,4
NELVIA,4
YORMARY,4
ANTWAN,4
bernardo,4
WINNIE,4
NEHEMY,4
DEIVY,4
FREDELINE,4
DOROTEA,4
DOLY,4
PIRE,4
KHALIB,4
DINOSKA,4
ELIEL,4
MALANIE,4
ANGELIE,4
ANDRELYS,4
KEYSSI,4
GUMERCINDA,4
DIXON,4
KEMBERLI,4
RUDY,4
YUBANNA,4
LEONID,4
EMINA,4
OIDEN,4
JESSE,4
SINTHYA,4
YOHNNIA,4
BELLADINA,4
ADRIELIS,4
MARGARETH,4
NERVA,4
JUAQUIN,4
YUSKEYKA,4
BALVINA,4
ETELBINA,4
NARUE,4
YEDSELYS,4
SALEM,4
HALISON,4
GISLEHINNE,4
JIREH,4
SINTHIA,4
HILARYS,4
HAIDEN,4
ZARA,4
WISLEIDA,4
LEIDA,4
NAHOMY,4
GEORGELIS,4
ANGI,4
OTZALIBE,4
ANDRELIS,4
MIRAELA,4
MELL,4
MANDINA,4
SHADYA,4
GENYBEL,4
OSGELIT,4
INAI,4
DAINNER,4
VIENTE,4
YARTIZA,4
AYUN,4
NORELYS,4
MARELYN,4
JEPHTER,4
BASILISIA,4
BRAD,4
EDMILE,4
AGUSTO,4
MILDRES,4
DOLCA,4
FRNACESCA,4
KEILEEN,4
INGER,4
WISLANDA,4
ILEYN,4
JOEGE,4
ZAYNAB,4
JANE,4
EIZA,4
DALETH,4
DAYLUZ,4
ILMAR,4
ZHOU,4
YOSELLIN,4
CRELIA,4
AKIM,4
MARVELIN,4
JINETTE,4
YERLA,4
RUBI,4
CLENY,4
ALYERINA,4
BLONDINE,4
MARIELVYS,4
JOSAINY,4
GIORGIANI,4
EIDEN,4
JEISSON,4
ALIRIT,4
WOODLY,4
LORIANNI,4
RONIER,4
MERLI,4
ENGGI,4
EURIDELIS,4
DIXCY,4
MAIANNYS,4
DELIAN,4
ROSALINDO,4
MARNE,4
ROSY,4
WIDELINE,4
YOSCARY,4
AUSTYN,4
HACHLEY,4
YHAN,4
KELIN,4
ORION,4
HASLEY,4
JEANNIBELL,4
NORKA,4
AUDREY,4
AILLEEN,4
GEISHA,4
AYLING,4
YEREMI,4
AMANDINA,4
AILINNE,4
NIKITA,4
DARYAM,4
YOSMERY,4
SONIE,4
ADELEY,4
ADELAINE,4
STHEPHANY,4
YURITH,4
DORITA,4
MIKAELA,4
JUSELA,4
RAPHAELLA,4
DIXIE,4
MARIVY,4
RAYSHELL,4
YLLAHEL,4
JATNIEL,4
FREDELINDA,4
LINCEY,4
CLEOFA,4
JHOANY,4
BASTIEN,4
LINDATHALIANA,4
JANDARY,4
ERIDA,4
CHAROLOTTE,4
JOHALYS,4
LAHIAM,4
FREDERICK,4
ALIXON,4
YORSLLINNA,4
JHENY,4
MAYLIN,4
YURIZAM,4
KOLETH,4
ARMIN,4
VARIOLETH,4
JANESKY,4
ARYA,4
EDUANNYS,4
SAM,4
JOSENILS,4
MAYELIN,4
REINERIA,4
FRANGELI,4
DAYLIUD,4
ANAHIZ,4
JASMELY,4
MAURY,4
YOISSI,4
DORIANYS,4
SANTO,4
AIDEE,4
MARILDA,4
LIARA,4
CRISOLOGO,4
ELVECIA,4
SAIRYS,4
FRITZ,4
MARIZ,4
SUZETTE,4
LYNETH,4
TRIANA,4
DARIANNYS,4
HEDER,4
YSLANNDA,4
YEXANDRA,4
JOCABED,4
AMINTA,4
ENRRY,4
YSRAEL,4
VITMELIS,4
CLARIBEL,4
MAURENY,4
EDUIN,4
astrid,4
THAMY,4
ODALYS,4
MARIEN,4
B√ÅRBARA,4
MEUDY,4
GAUDYS,4
ISAANNA,4
NASTYA,4
LORENNYS,4
RAINERO,4
LHYLIAN,4
HAYDANA,4
DINO,4
ROSBELI,4
ALICIANE,4
ZOURKERLIS,4
LIKSY,4
FRANCELY,4
KEMBERLY,4
SARALEILA,4
BETY,4
JOVANNA,4
DARIANE,4
ENYI,3
MITSY,3
JASURY,3
NARETHZA,3
LEDA,3
GLENDY,3
IRENIO,3
TAYLER,3
REN√?3,
JACKI,3
UBERTO,3
SARLY,3
ELIAB,3
YEYMY,3
ERLY,3
ESTEFAINA,3
ARENNYS,3
GIOZARGY,3
DEILY,3
KATALELLA,3
GALDYS,3
VIRGINIE,3
NINA,3
LITA,3
HAPUC,3
KEISYS,3
CIVERLYS,3
DAYERLI,3
NEIBI,3
MIDETHERLEY,3
YARIDSAANAHI,3
YIRMAN,3
TYHARE,3
LUCELY,3
LEANARA,3
JAQUELINA,3
BRIGGIT,3
NORIELYS,3
YOAXI,3
BENERICIA,3
NATALIEL,3
LIESKA,3
KATTYA,3
BOLIVAR,3
JULIETHA,3
YRENE,3
ANGELLY,3
KRASNA,3
GENIFER,3
JHAZBLEIDI,3
BELKYS,3
DAYELIN,3
LIZZI,3
ILIEAS,3
CRISMAR,3
DJUNIOR,3
ERMANCIA,3
MARINKA,3
MAILEF,3
MARLIZ,3
ENDRELIS,3
GODOFREDO,3
THIERRY,3
RUBERTMAR,3
YOLANDE,3
DOORGAL,3
CORA,3
IGNORINA,3
FRANCHECA,3
QUISMAH,3
RUSBELY,3
YENALY,3
ZENORIA,3
VIELCA,3
MARILIN,3
RUTHNELYS,3
YUSBELIS,3
SELINA,3
LEONORA,3
MAYKER,3
CATHERYNE,3
RAIBRI,3
AMEDALITH,3
SARI,3
RUB√âN,3
YAKIRA,3
DARYENNYS,3
ENNA,3
KATTERIN,3
MAGGIE,3
MERLIS,3
ILIANNIS,3
CHIMENE,3
IRELIS,3
HIMBER,3
DHILAYLA,3
FRANTZ,3
YUSBELY,3
KYARA,3
CINDYBEL,3
NAUIBERH,3
GLEISMAIS,3
YELAINNEN,3
CATALIAN,3
TAHOMI,3
HARRY,3
GERALDE,3
LISSIANA,3
CHANY,3
IDALBA,3
KEYKO,3
YANILA,3
MALIH,3
JHAZMIN,3
DAHYANA,3
LIZET,3
NEURIS,3
CLENIA,3
TANEISHA,3
ELIMELSI,3
GILARI,3
LOIDA,3
BAYTEA,3
YSLEN,3
ORIELA,3
JED,3
DURGELYZ,3
OLEIDIS,3
YORANY,3
RODLEYDIS,3
ARTUTO,3
JAIMELYS,3
ARLELIS,3
MILEIDY,3
SIBONEY,3
SHAKIRA,3
YUSBEILY,3
LEISI,3
ROSEMERY,3
ENCY,3
KAILIN,3
ANG√âLICA,3
KEILI,3
YOLIMAR,3
RENATHO,3
ANDYEL,3
DAIRENE,3
YESTEPHANNIE,3
GIMENA,3
DARITZA,3
ESTRELLITA,3
NAPHTALIE,3
WILLBELYS,3
ZULICETH,3
CHANBERLIN,3
JONATAN,3
DANAYED,3
JOSSIANA,3
ROXIBEL,3
DORIANA,3
lesli,3
SORAIDA,3
YANDIRA,3
KAROLL,3
HIARA,3
YOSHALBY,3
FLORIA,3
NINO,3
YUDEISY,3
SHANEL,3
CARLIANA,3
COLANDEN,3
AGLAE,3
CRISTHOFER,3
MAGRIEL,3
NEUKA,3
NIXA,3
ANGGIE,3
NEYSY,3
ODELYN,3
GLENDYS,3
YILEINI,3
NATIAN,3
JHEWT,3
VIKTOR,3
JISLIENE,3
NAHARA,3
YAXURY,3
MERLINE,3
DANOLA,3
WILDIMAR,3
ESKANDRA,3
SARIANGEL,3
LOVERLY,3
DANELY,3
TANYA,3
MAIBELYN,3
EDGARLYN,3
DARMA,3
JUBISKA,3
VIANNY,3
LODERANA,3
MOSERRAT,3
LOREANA,3
ANISETT,3
YERY,3
GERMARY,3
YESCENIA,3
JALILA,3
YOLVI,3
MILENY,3
MILDER,3
KAROLAAY,3
HEYMY,3
TAREK,3
ILMER,3
XAYNA,3
DARIANNA,3
ALDA,3
BERDAGE,3
ANDREI,3
OMAIDA,3
ANDER,3
HACHLY,3
MARYLIN,3
ROSEMAIRA,3
GREISBEL,3
YUDITH,3
ROMYNNA,3
DAILIS,3
SAVKA,3
YORLEYDY,3
MATHEUS,3
YASELYS,3
MIRIANGEL,3
YONATVI,3
LINDY,3
KHRISNA,3
NAILETH,3
IRIANA,3
DAYALI,3
SOPHYA,3
DAGLIN,3
MELIETH,3
GENISSE,3
DIMAS,3
SULEIDY,3
GEYSI,3
CORBELIA,3
YOJAINA,3
ELIMER,3
FAVIOLA,3
EUNISES,3
SAYRU,3
XIORANDRYS,3
MILEIDYS,3
YARESLA,3
GENERY,3
GUIRLENE,3
NAYRIN,3
AVRIL,3
LINCO,3
SHEY,3
LUISMAR,3
KENNETH,3
ANGIELINA,3
FREIDYLETH,3
YANELIS,3
EVELING,3
NOLVA,3
ZAHORI,3
SUSSAN,3
CHINAIDA,3
CLARIZA,3
MADELEAINE,3
SALINE,3
KATERINNE,3
ALAINA,3
ZURINA,3
LEOCADIO,3
ANGLIS,3
KIHARA,3
DALLIBELYS,3
JOSSIANE,3
MARBELIS,3
KRITSCHNA,3
LAUDES,3
JAIKOT,3
KAYRON,3
NELSY,3
EIMER,3
YOVANNY,3
AVELYNE,3
KALANY,3
FADENSKY,3
DIONELYS,3
ROGHMARY,3
ESMELIDA,3
KIERVEN,3
JHUSBELITH,3
WINDY,3
YOANY,3
RAMCES,3
ERICO,3
ANGIEE,3
EXLENIS,3
HISAMAR,3
GEOVANA,3
FLORELLYS,3
ANGIEL,3
JIM,3
YARI,3
OSWUALDY,3
DAIRIS,3
MARJHELYN,3
NOHEMAR,3
TALIANA,3
ALJANDRA,3
ALVERLIN,3
SOFHIA,3
MAXIMA,3
NICOLETTE,3
VENESA,3
MARGARINA,3
YORKARIN,3
LAZARO,3
MORELA,3
ALEXIZ,3
ONELIO,3
KATHELINA,3
YERITZE,3
NAIBELYN,3
FUENMAYOR,3
VANGGY,3
SUJYLIS,3
ISAIS,3
ROISBELL,3
MAISIE,3
ISABO,3
MORHYN,3
YOLETT,3
MARISSA,3
SCARLATTE,3
JERONIMO,3
ALIBEL,3
MAYRELY,3
ANETTE,3
ANYELIN,3
ANGIER,3
DENNY,3
MAIKERLIS,3
JAIRMA,3
ROLAIMA,3
RUSBELT,3
YORLIMAR,3
YISELA,3
LUISARAY,3
YARIMA,3
GESENIA,3
IRVING,3
HEYSY,3
NAYSETH,3
SUDLIE,3
LISKARY,3
ADALIA,3
WHITNEY,3
NICOLS,3
DIEYMARY,3
HARIANNY,3
YESTABETH,3
NAILA,3
BIANNY,3
MONETTE,3
RAZET,3
ILIBETH,3
CRISHISTA,3
HERCILIA,3
NIORKIS,3
HUNEIVA,3
NEURI,3
JOANNY,3
JOSETTE,3
MILLEY,3
GHAEL,3
ANACAONA,3
Elias,3
SHEILY,3
MARVELLO,3
ANDREVIS,3
YOXIMAR,3
ZAYLEN,3
BILIANA,3
LISYOHER,3
MARYIRETH,3
MONSTSERRAT,3
ORGENICA,3
JETZEBEL,3
DEMOFILA,3
GEYDI,3
KARLEN,3
TESSIE,3
KELSEY,3
REYES,3
NAIDY,3
ADRIANNY,3
ADOLFINA,3
JAMIR,3
LADISLADO,3
AMAYRA,3
POLLETTE,3
DANETXI,3
RULIA,3
LISARDO,3
ROOXAILER,3
BEGO√ëA,3
NADAYE,3
GLENNY,3
JEYMMY,3
NOYERLYNG,3
KAELY,3
YACOLEN,3
YRET,3
BIVIAN,3
HADIZA,3
DARLIS,3
GRISSETTE,3
REGELIO,3
LIUBISA,3
ANNEDYS,3
KAMAL,3
YESMARY,3
ZAHACHARY,3
SASET,3
AZCHLE,3
SOILYS,3
JANTANY,3
MARICARMEN,3
DEL,3
REICHELL,3
RAINEY,3
KATLEN,3
GIUSSEPPE,3
JOHEELIS,3
AHOMI,3
SHADANNY,3
DIEULINE,3
FRANCAISE,3
GABI,3
MIRIANIS,3
YENNYFER,3
YDESKA,3
YARLIN,3
AMOR,3
DIANE,3
ADRIADNA,3
DEILENYS,3
SPIRO,3
DORANNY,3
LIGEIBY,3
AILYNG,3
YOVANKA,3
STHEPANIA,3
MAYRENE,3
HEDEWING,3
CHRISTIANE,3
AHINARA,3
DONATO,3
ESVIN,3
MORYN,3
WITHNEY,3
DIMITRI,3
LAYSHA,3
JULETHSY,3
YESNEIDA,3
MADAI,3
MIZZA,3
LEYDA,3
ANALIAS,3
KARHEN,3
JOSMERY,3
EMMELY,3
SULEIDE,3
EUDES,3
NELIGUER,3
ACENETH,3
CLIDA,3
ROSAISERA,3
BENETTE,3
LLENY,3
YULIZA,3
KEIRY,3
UGUALDINA,3
KEINYS,3
BEREN,3
ZULEYKA,3
MIKELLI,3
JENNIFE,3
LEMUEL,3
EYLIN,3
ALLAM,3
MILAGRITOS,3
MORENO,3
JEIKO,3
ADRIAA,3
ELEAZER,3
NEREYDA,3
ANNISSETTE,3
GUISSELA,3
MAYDALIZ,3
HULDA,3
GRAVIELA,3
DAJANA,3
ANARELLA,3
ISOMAR,3
ROSBITA,3
YELINDA,3
MAGALIE,3
IZASKU,3
DASHLEY,3
NAISBELY,3
AL√çA,3
REYHANA,3
CAMIL,3
YEHILIS,3
KLEERCK,3
IRENES,3
ESTEFANO,3
EDWUARD,3
JOAQUINA,3
LISET,3
ANNEMYS,3
ADIA,3
ALAI,3
LUISAMAR,3
RENELDA,3
EDUARDA,3
STEFANNIA,3
YONEYBER,3
SHERYTTE,3
YUSELEIBI,3
EZEIKA,3
CRISTA,3
YERSENIA,3
SHERLYNN,3
VIKIS,3
BENJAMIIN,3
KAELINE,3
KEIEY,3
DAINA,3
JANSIRET,3
LUHAN,3
YIRMAILI,3
RUDYMAR,3
LINIO,3
NADICXA,3
OLIANA,3
NAYARA,3
YANUSKA,3
DAILIN,3
MARYSOL,3
LAINA,3
MYRTHA,3
XENNIA,3
ZULEYHA,3
SOLMAR,3
ARLETT,3
INA,3
JOYNA,3
KIMBERLINE,3
MILIPZA,3
FREEYMAR,3
JUSTINE,3
DORYS,3
ROSMAIRA,3
EDIR,3
AMAL,3
FANISE,3
JANNETE,3
SINDAY,3
YVORESE,3
MIGLEIDYS,3
POLONIA,3
ALBANELIS,3
MARSOLAINE,3
ROSELENE,3
ANDREYNA,3
CUSTODIA,2
CLEMENTINE,2
DUBANE,2
ANNETTE,2
AIMEE,2
JHOANA,2
EFRANY,2
YEDERKIS,2
MUSA,2
JORGELYS,2
INAYA,2
GLYSNERLIS,2
ANTON,2
SOLINDRE,2
IDENNI,2
YULIAGNY,2
YOJAN,2
CRISTINE,2
YUSVELY,2
MEPRILIA,2
GILIOLA,2
ALIPIO,2
KATHERINNE,2
ERMITA,2
MILCA,2
KRISLY,2
MAIK,2
JACKSON,2
SUHAIDY,2
JENTZANE,2
LISA,2
VALWZKA,2
GEANNY,2
RUBENS,2
JORGR,2
ORLINDO,2
DARILYS,2
HOWARD,2
JOSEP,2
KAIA,2
DEGLIMAR,2
ODDET,2
MYRLA,2
ORIEL,2
HADASSA,2
JANELA,2
ARLYS,2
INDERBERTH,2
PAULETE,2
HENESIS,2
CRISTHEN,2
LOLIMAR,2
RENATTO,2
DANNIELIS,2
GAUDIMAR,2
ARIAGNA,2
YANAHINA,2
NAELLE,2
ROLAN,2
YARESLY,2
ALIS,2
YIRLENE,2
YEISY,2
GUISELA,2
TABATTA,2
YUZARA,2
ADRIALE,2
MIL√ÅN,2
JOENNIRE,2
VANNESA,2
NAYELY,2
NATANAE,2
GASDALI,2
BERNARDETTE,2
RAYZEL,2
MARIBI,2
DAMEURIS,2
SRRGIO,2
FRANTZLEY,2
HERLINDA,2
MARLENNE,2
SAMIN,2
ELOIDA,2
NIRVANA,2
GILMARY,2
ASMABETHE,2
CLOYS,2
KEESHMERLIN,2
KYLIE,2
gema,2
JERIEL,2
AMIDA,2
EPIFANIO,2
NAHOMIE,2
LISANGELA,2
THAINA,2
PRISSILA,2
WILLANY,2
KIORI,2
YERLIANNYS,2
YENIVEL,2
MANDY,2
JANINNA,2
MARYIN,2
VAITHYARE,2
JANNY,2
MORALBYS,2
JESCARINE,2
FANIA,2
ORALYS,2
YINNA,2
JULITSA,2
JENNIT,2
Marcos,2
Hugo,2
Lilith,2
AVERCIO,2
MARLYS,2
EFRAIM,2
GENENSIS,2
ROSIE,2
YAMELLYS,2
MAYCIDETH,2
ZARIEL,2
ANDRIX,2
JULIET,2
WILKELY,2
RODRICA,2
ELADA,2
JANMARY,2
NELTA,2
NAYADE,2
RAID,2
ELKIS,2
EYDER,2
YERALL,2
GYA,2
BALARAM,2
JEHEGLIMAN,2
ELEIIA,2
KENDER,2
YANNINA,2
FRAINY,2
DOLFI,2
YAXELIS,2
ANANIAS,2
HAMARYS,2
THAYNARA,2
OLIMAR,2
THAYLER,2
DARDELINE,2
ZYGALI,2
MISLEIDY,2
YESLY,2
MARIUXI,2
SUGHEL,2
OSEAS,2
ULDA,2
BELLANY,2
ALMARY,2
ILMARY,2
DENIXON,2
NARA,2
JAOC,2
YULIETH,2
ANMARIE,2
DORY,2
BIANESE,2
JONIRIS,2
DELINDA,2
KELITA,2
JASIBE,2
JAZMINA,2
DEIKER,2
SAMYRA,2
OMILA,2
ERNEIBETH,2
SIOMARI,2
santino,2
KLOE,2
ANGELINNA,2
QUINTIN,2
JHOANNA,2
VELMARY,2
FRANCIE,2
PAZCAL,2
OLAYA,2
GISLAINE,2
JAYDEEN,2
SHERELYN,2
WILIBALDO,2
CHANEL,2
MAICKOL,2
YHOANALYS,2
LOREANNELYS,2
MEGNAN,2
MARINELLY,2
GESUNETTE,2
RODEMI,2
BAYCER,2
ELISENDA,2
MADISSON,2
NOELKIS,2
YOHALY,2
SIVEIDA,2
STEFFANNY,2
STEFFI,2
ALDAIR,2
WLADIMIRA,2
YOSTHYN,2
IDIO,2
DARLIA,2
YORJANIS,2
BRYTHANY,2
KAYDEN,2
ENIZ,2
ALESSANDER,2
MANAIZE,2
YOSUE,2
ALDORA,2
CARLYNE,2
JOSIAS,2
EMELI,2
DAEMON,2
HERMANN,2
EDYSON,2
GEORGETTE,2
JAMIE,2
paullette,2
LEURIS,2
LORENNA,2
YADISER,2
BODGAN,2
ANITTA,2
JAIRON,2
YULMA,2
TRIANI,2
Martin,2
MARIANDRY,2
CAROLYNE,2
BRIAYI,2
JISLAYNE,2
MERILLEY,2
MARIELLIS,2
INYIRA,2
YAKORI,2
TERSILA,2
YARITXA,2
JAILIS,2
KIBANA,2
DOMENICA,2
SANTIS,2
NETSAY,2
YERALDYNI,2
JEREMI,2
ARNOLD,2
ROSSMARI,2
VARELY,2
DAVIANNA,2
YERALDIN,2
ESKARLA,2
MODESTA,2
LUZMAR,2
BRANCO,2
ALEJNADRA,2
AYNOHA,2
SUSI,2
IDE,2
JOSSIE,2
EMMILY,2
AEDAN,2
VIOLA,2
EDIXON,2
TIZIANO,2
GREGOR,2
YISSENIA,2
ERICSSON,2
STEEVE,2
RAPHAEL,2
IRIANY,2
YUNAPHCA,2
SOULY,2
NAITSABEL,2
OSTYN,2
DENISSEE,2
ALIANDRY,2
JORIHAM,2
NICIS,2
ILYN,2
CHADWICK,2
VALTY,2
BENDJISON,2
SANTY,2
SCHNAYDERSON,2
KEINYELL,2
MAIDETH,2
LYRAYENT,2
EURENI,2
ZULMA,2
MAHOLY,2
ORLEANNYS,2
VIBIA,2
LEONCIO,2
SURY,2
OCIEL,2
SURAINIS,2
YNES,2
LIMITINA,2
ROSEMARI,2
RODNEY,2
MARIALBERT,2
CRISS,2
YADLER,2
ZITA,2
RYAN,2
SAYURIT,2
MARIALIS,2
DAYRI,2
FACUENDO,2
BRITTNEY,2
MALVINO,2
DAHIRA,2
ADISA,2
AIME,2
SYLIE,2
SCARLERR,2
NORINDA,2
KEILIMAR,2
YIBSSY,2
YENIBETH,2
LIZZIE,2
AYMARA,2
LIONE,2
LEANGE,2
JASMERY,2
MARBELY,2
COSME,2
MARUXELLA,2
ELIANNE,2
ALTER,2
YORMALY,2
GERLADINE,2
EDUYMAR,2
AURIMAR,2
FACU,2
ARACELIS,2
OFRIN,2
DENISSSE,2
DEMIXON,2
EXAEL,2
LEILI,2
ERIANNIS,2
ADANNAH,2
JARELY,2
EMILDJNA,2
ROSALIE,2
ORIANNYS,2
YOSTIN,1
ARIANN,1
YORDAX,1
AHIMARA,1
KRISHNNA,1
TRANSITA,1
EDAIRA,1
LEONADO,1
EDERLEY,1
MEDILINE,1
YOHANGEL,1
EUDOMAR,1
UFEMIA,1
JEORDAN,1
DEMY,1
JARETT,1
FRANKGELY,1
Orlando,1
MOLENS,1
CELSIA,1
IVAR,1
GIUSSEPE,1
ANTHONNIE,1
KERSIN,1
EDUALIS,1
ABIMELET,1
TANNER,1
LUISBERT,1
AZUMY,1
AHMARU,1
JOHANN,1
SCHESNALDA,1
GEMIRA,1
MERIAN,1
LEYDIMAR,1
RAY,1
XAVIER,1
BAJAMIN,1
ORANMANYS,1
MARCIANO,1
ILICH,1
ALIANNYS,1
DIRCY,1
JESMIRY,1
MARCIO,1
ERVIN,1
NELIS,1
HARLY,1
ABILU,1
CARLITA,1
NAUDYS,1
PLUTARCO,1
ADELYNN,1
SHAREN,1
ASCENCION,1
ELOIDE,1
CLEMECIA,1
KEYLOR,1
JOSTHYN,1
VIRTUOSA,1
ILIAN,1
NORBEY,1
TIRONE,1
MARIETH,1
DIEV,1
ALIANJELITH,1
NERVY,1
LEIVIS,1
ERESMEN,1
Luis,1
RAMSES,1
GARETH,1
AMADO,1
ELLIETH,1
GABRIANY,1
OMARA,1
MADELIS,1
AZUL,1
GISELL,1
YISLEYN,1
DENISSA,1
ELLIOT,1
IAVANNA,1
ROGERSY,1
ESTERLINDA,1
LAURENCE,1
FRANCESCOLI,1
LEITON,1
JANY,1
GLEIXYS,1
OTTO,1
LUIZ,1
NAHEL,1
DAYLIN,1
MIEL,1
JUEITA,1
ANTONY,1
JOHANDRY,1
IDUVINA,1
GEREMY,1
ARMANDA,1
ANLLELO,1
YVONIE,1
ENIO,1
HABID,1
ESTEFHANIE,1
DIGNO,1
AILIN,1
ALMIRO,1
ARACEY,1
KERIN,1
DUBAN,1
EVALUNA,1
ITBEL,1
CRESPO,1
DUVAN,1
ANGELIN,1
ARETEMIO,1
WISLET,1
JOAQU√çN,1
SANDRINO,1
DARIELL,1
WISLAINY,1
TAMAR,1
ALITZA,1
DAMI√ÅN,1
ANGELYCA,1
JOSHUE,1
SYLVESTRE,1
JAHIR,1
CELEN,1
MARLEY,1
ELECIER,1
ARIELE,1
GUISSEL,1
YSMAEL,1
DONNY,1
MAYRON,1
JIOVANNY,1
LAUREN,1
HARRISON,1
FEDELICIA,1
LENS,1
ESCILDA,1
ANALICIA,1
KAROLYN,1
GERMAILY,1
NIZA,1
HILDEGAR,1
YANIRET,1
AKEMI,1
DANEA,1
KEYTZA,1
HABENS,1
GUARINO,1
KARNIA,1
SAINA,1
PADME,1
SARIK,1
MELECK,1
MARBELLY,1
JARETZY,1
DARIELYS,1
KATHERINA,1
PRECILA,1
MARIANGILY,1
NAMOIRZE,1
HERMINIO,1
PRAXIDES,1
VALERI,1
RODRIGUE,1
ANGELICK,1
YIMBERLY,1
YUSTIN,1
ANTONELA,1
ANAKARINA,1
DELICEDA,1
GILBERTHS,1
MARYAN,1
GIANNIS,1
YAHIMARA,1
CRITI,1
DINELLI,1
YEINY,1
BRENELY,1
DESSENIA,1
ANDRUS,1
NEHUM,1
LINCOLN,1
ELIAZ,1
ELIABETH,1
CELEDONIA,1
HEYSELL,1
TAYANA,1
CARLEY,1
SORIANA,1
THAIRA,1
ALENGER,1
OMERLYS,1
FRANZ,1
ASHLYE,1
KRISCHNA,1
LUXCSANIT,1
IRIANYI,1
SKARLETH,1
LESLYE,1
DEWIS,1
JEANPIER,1
LEHN,1
YANABELLA,1
MILEY,1
PAULLETE,1
CHRISTOPER,1
KARLITA,1
Victor,1
ARBENYS,1
DYLAND,1
JEOVANNY,1
ADELEIN,1
VALANDRY,1
NAKARY,1
yolanda,1
AXUNI,1
MIUEL,1
ABELINA,1
KEIMARY,1
SYDNEY,1
FABRIZIO,1
SUNNIVA,1
EPHSAINA,1
WALIS,1
STEVENT,1
WARQUIRIS,1
MAIHERLIS,1
KENNIA,1
ANNIE,1
MANOLO,1
KESNAIDA,1
FLORINA,1
ANKU,1
LUTGARDA,1
JOVANNEY,1
EYLEEM,1
RODDERY,1
FROSLAIN,1
DJAWENSCA,1
SCARLLET,1
MARCCELO,1
ANCIRA,1
YETSABE,1
AMATISTA,1
RASHEL,1
JOHACIEL,1
EZAID,1
EMMET,1
SIRLEY,1
MANDUCHEKA,1
ISBETH,1
LIZA,1
KEITLIN,1
ARLEY,1
LUSIANA,1
RICHELY,1
CRISBEILYS,1
DANYA,1
ALIXANDRO,1
MIRLEANYS,1
SELMIRA,1
FIAMMA,1
NORYELIS,1
HENRICH,1
SEBASTIEN,1
GIORGINA,1
DENISS,1
AXIEL,1
AOLANI,1
CLAUDE,1
SKARLETTE,1
GIORKA,1
ALVISMAR,1
KANIA,1
BRISTELA,1
KENAI,1
SORIMAY,1
WIDLEY,1
ELIANGELYS,1
HEYDI,1
TOMKA,1
MARVELYS,1
ESIDAN,1
YINALIX,1
SNEIDER,1
DAGNY,1
ROBIN,1
FACOR,1
ALBERT,1
NIHAN,1
ELYAN,1
LOUISENDO,1
YHEFERZON,1
KADIJA,1
KARIM,1
ERICKSON,1
MARYELYS,1
YENEDICK,1
RAYANNE,1
AYCSA,1
MAINOBY,1
YEMILYS,1
FALON,1
EBOLET,1
YULDER,1
LEDDA,1
ROUSES,1
TIBISAY,1
ALEIDA,1
BRALLAN,1
DILCIA,1
EDWARDS,1
JILMAR,1
ENRRIQUETA,1
DOLLY,1
NASHKA,1
SIJISFREDO,1
